<?xml version="1.0" encoding="UTF-8"?>

<Profile xmlns="http://hl7.org/fhir">
  <text>
    <status value="generated"/><div xmlns="http://www.w3.org/1999/xhtml"><pre>
&lt;<a title="(informative) A scheduled appointment for a patient and/or practitioner(s) where a service may take place." class="dict" href="appointment-definitions.html#Appointment"><b>Appointment</b></a> xmlns=&quot;http://hl7.org/fhir&quot;&gt; <span style="float: right"><a title="Documentation for this format" href="formats.html"><img alt="doco" src="help.png"/></a></span>
 &lt;!-- from <a href="resources.html">Resource</a>: <a href="extensibility.html">extension</a>, <a href="extensibility.html#modifierExtension">modifierExtension</a>, language, <a href="narrative.html#Narrative">text</a>, and <a href="references.html#contained">contained</a> --&gt;
 &lt;<a title="This records identifiers associated with this appointment concern that are defined by business processed and/ or used to refer to it when a direct URL reference to the resource itself is not appropriate (e.g. in CDA documents, or in written / printed documentation)." class="dict" href="appointment-definitions.html#Appointment.identifier"><b>identifier</b></a>&gt;<span style="color: Gray">&lt;!--</span> <span style="color: brown"><b>0..*</b></span> <span style="color: darkgreen"><a href="datatypes.html#Identifier">Identifier</a></span> <span style="color: navy">External Ids for this item</span><span style="color: Gray"> --&gt;</span>&lt;/identifier&gt;
 &lt;<a title="The priority of the appointment. Can be used to make informed decisions if needing to re-prioritize appointments. (The iCal Standard specifies 0 as undefined, 1 as highest, 9 as lowest priority) (Need to change back to CodeableConcept)." class="dict" href="appointment-definitions.html#Appointment.priority"><b>priority</b></a> value=&quot;[<span style="color: darkgreen"><a href="datatypes.html#integer">integer</a></span>]&quot;/&gt;<span style="color: Gray">&lt;!--</span> <span style="color: brown"><b>0..1</b></span> <span style="color: navy">
     The priority of the appointment. Can be used to make informed decisions if needing to re-prioritize appointments. (The iCal Standard specifies 0 as undefined, 1 as highest, 9 as lowest priority) (Need to change back to CodeableConcept)</span><span style="color: Gray"> --&gt;</span>
 &lt;<a title="Each of the participants has their own participation status which indicates their involvement in the process, however this status indicates the shared status." class="dict" href="appointment-definitions.html#Appointment.status"><b>status</b></a> value=&quot;[<span style="color: darkgreen"><a href="datatypes.html#code">code</a></span>]&quot;/&gt;<span style="color: Gray">&lt;!--</span> <span style="color: brown"><b>0..1</b></span> <a style="color: navy" href="v3/ActStatus/index.html">The overall status of the Appointment</a><span style="color: Gray"> --&gt;</span>
 &lt;<a title="The type of appointments that is being booked (ideally this would be an identifiable service - which is at a location, rather than the location itself)." class="dict" href="appointment-definitions.html#Appointment.type"><b>type</b></a>&gt;<span style="color: Gray">&lt;!--</span> <span style="color: brown"><b>0..1</b></span> <span style="color: darkgreen"><a href="datatypes.html#CodeableConcept">CodeableConcept</a></span> <span style="color: navy">
     The type of appointments that is being booked (ideally this would be an identifiable service - which is at a location, rather than the location itself)</span><span style="color: Gray"> --&gt;</span>&lt;/type&gt;
 &lt;<a title="The reason that this appointment is being scheduled, this is more clinical than administrative." class="dict" href="appointment-definitions.html#Appointment.reason"><b>reason</b></a>&gt;<span style="color: Gray">&lt;!--</span> <span style="color: brown"><b>0..1</b></span> <span style="color: darkgreen"><a href="datatypes.html#CodeableConcept">CodeableConcept</a></span> <a style="color: navy" href="encounter-reason.html">The reason that this appointment is being scheduled, this is more clinical than administrative</a><span style="color: Gray"> --&gt;</span>&lt;/reason&gt;
 &lt;<a title="The brief description of the appointment as would be shown on a subject line in a meeting request, or appointment list. Detailed or expanded information should be put in the comment field." class="dict" href="appointment-definitions.html#Appointment.description"><b>description</b></a> value=&quot;[<span style="color: darkgreen"><a href="datatypes.html#string">string</a></span>]&quot;/&gt;<span style="color: Gray">&lt;!--</span> <span style="color: brown"><b>0..1</b></span> <span style="color: navy">
     The brief description of the appointment as would be shown on a subject line in a meeting request, or appointment list. Detailed or expanded information should be put in the comment field</span><span style="color: Gray"> --&gt;</span>
 &lt;<a title="Date/Time that the appointment is to take place." class="dict" href="appointment-definitions.html#Appointment.start"><b>start</b></a> value=&quot;[<span style="color: darkgreen"><a href="datatypes.html#instant">instant</a></span>]&quot;/&gt;<span style="color: Gray">&lt;!--</span> <span style="color: brown"><b>1..1</b></span> <span style="color: navy">Date/Time that the appointment is to take place</span><span style="color: Gray"> --&gt;</span>
 &lt;<a title="Date/Time that the appointment is to conclude." class="dict" href="appointment-definitions.html#Appointment.end"><b>end</b></a> value=&quot;[<span style="color: darkgreen"><a href="datatypes.html#instant">instant</a></span>]&quot;/&gt;<span style="color: Gray">&lt;!--</span> <span style="color: brown"><b>1..1</b></span> <span style="color: navy">Date/Time that the appointment is to conclude</span><span style="color: Gray"> --&gt;</span>
 &lt;<a title="The slot that this appointment is filling. If provided then the schedule will not be provided as slots are not recursive, and the start/end values MUST be the same as from the slot." class="dict" href="appointment-definitions.html#Appointment.slot"><b>slot</b></a>&gt;<span style="color: Gray">&lt;!--</span> <span style="color: brown"><b>0..*</b></span> <span style="color: darkgreen"><a href="references.html#Resource">Resource</a>(<a href="slot.html#Slot">Slot</a>)</span> <span style="color: navy">
     The slot that this appointment is filling. If provided then the schedule will not be provided as slots are not recursive, and the start/end values MUST be the same as from the slot</span><span style="color: Gray"> --&gt;</span>&lt;/slot&gt;
 &lt;<a title="The primary location that this appointment is to take place." class="dict" href="appointment-definitions.html#Appointment.location"><b>location</b></a>&gt;<span style="color: Gray">&lt;!--</span> <span style="color: brown"><b>0..1</b></span> <span style="color: darkgreen"><a href="references.html#Resource">Resource</a>(<a href="location.html#Location">Location</a>)</span> <span style="color: navy">
     The primary location that this appointment is to take place</span><span style="color: Gray"> --&gt;</span>&lt;/location&gt;
 &lt;<a title="Additional comments about the appointment." class="dict" href="appointment-definitions.html#Appointment.comment"><b>comment</b></a> value=&quot;[<span style="color: darkgreen"><a href="datatypes.html#string">string</a></span>]&quot;/&gt;<span style="color: Gray">&lt;!--</span> <span style="color: brown"><b>0..1</b></span> <span style="color: navy">Additional comments about the appointment</span><span style="color: Gray"> --&gt;</span>
 &lt;<a title="An Order that lead to the creation of this appointment." class="dict" href="appointment-definitions.html#Appointment.order"><b>order</b></a>&gt;<span style="color: Gray">&lt;!--</span> <span style="color: brown"><b>0..1</b></span> <span style="color: darkgreen"><a href="references.html#Resource">Resource</a>(<a href="order.html#Order">Order</a>)</span> <span style="color: navy">An Order that lead to the creation of this appointment</span><span style="color: Gray"> --&gt;</span>&lt;/order&gt;
 &lt;<a title="List of participants involved in the appointment." class="dict" href="appointment-definitions.html#Appointment.participant"><b>participant</b></a>&gt;  <span style="color: Gray">&lt;!-- <span style="color: brown"><b>1..*</b></span> List of participants involved in the appointment --&gt;</span>
  &lt;<a title="Role of participant in the appointment." class="dict" href="appointment-definitions.html#Appointment.participant.type"><b>type</b></a>&gt;<span style="color: Gray">&lt;!--</span> <span style="color: brown"><b>0..*</b></span> <span style="color: darkgreen"><a href="datatypes.html#CodeableConcept">CodeableConcept</a></span> <span style="color: navy"><a style="color: navy" href="valueset-encounter-participant-type.html">Role of participant in the appointment</a></span><span style="color: Gray"> --&gt;</span>&lt;/type&gt;
  &lt;<a title="A Person of device that is participating in the appointment, usually Practitioner, Patient, RelatedPerson or Device." class="dict" href="appointment-definitions.html#Appointment.participant.individual"><b>individual</b></a>&gt;<span style="color: Gray">&lt;!--</span> <span style="color: brown"><b>0..1</b></span> <span style="color: darkgreen"><a href="references.html#Resource">Resource</a>(<a href="resourcelist.html">Any</a>)</span> <span style="color: navy">
      A Person of device that is participating in the appointment, usually Practitioner, Patient, RelatedPerson or Device</span><span style="color: Gray"> --&gt;</span>&lt;/individual&gt;
  &lt;<a title="Is this participant required to be present at the meeting. This covers a use-case where 2 doctors need to meet to discuss the results for a specific patient, and the patient is not required to be present." class="dict" href="appointment-definitions.html#Appointment.participant.required"><b>required</b></a> value=&quot;[<span style="color: darkgreen"><a href="datatypes.html#code">code</a></span>]&quot;/&gt;<span style="color: Gray">&lt;!--</span> <span style="color: brown"><b>0..1</b></span> <span style="color: navy"><a style="color: navy" href="participantrequired.html">required | optional | information-only</a></span><span style="color: Gray"> --&gt;</span>
  &lt;<a title="Participation status of the Patient." class="dict" href="appointment-definitions.html#Appointment.participant.status"><b>status</b></a> value=&quot;[<span style="color: darkgreen"><a href="datatypes.html#code">code</a></span>]&quot;/&gt;<span style="color: Gray">&lt;!--</span> <span style="color: brown"><b>1..1</b></span> <span style="color: navy"><a style="color: navy" href="participationstatus.html">accepted | declined | tentative | in-process | completed | needs-action</a></span><span style="color: Gray"> --&gt;</span>
 &lt;/participant&gt;
 &lt;<a title="Who recorded the appointment." class="dict" href="appointment-definitions.html#Appointment.lastModifiedBy"><b>lastModifiedBy</b></a>&gt;<span style="color: Gray">&lt;!--</span> <span style="color: brown"><b>0..1</b></span> <span style="color: darkgreen"><a href="references.html#Resource">Resource</a>(<a href="practitioner.html#Practitioner">Practitioner</a>|<a href="patient.html#Patient">Patient</a>|<a href="relatedperson.html#RelatedPerson">RelatedPerson</a>)</span> <span style="color: navy">
     Who recorded the appointment</span><span style="color: Gray"> --&gt;</span>&lt;/lastModifiedBy&gt;
 &lt;<a title="Date when the appointment was recorded." class="dict" href="appointment-definitions.html#Appointment.lastModified"><b>lastModified</b></a> value=&quot;[<span style="color: darkgreen"><a href="datatypes.html#dateTime">dateTime</a></span>]&quot;/&gt;<span style="color: Gray">&lt;!--</span> <span style="color: brown"><b>0..1</b></span> <span style="color: navy">Date when the appointment was recorded</span><span style="color: Gray"> --&gt;</span>
&lt;/Appointment&gt;
</pre></div>
  </text>
  <identifier value="http://hl7.org/fhir/profile/appointment"/>
  <name value="appointment"/>
  <publisher value="FHIR Project"/>
  <description value="Basic Profile. (informative) A scheduled appointment for a patient and/or practitioner(s) where a service may take place."/>
  <status value="draft"/>
  <date value="2014-06-06"/>
  <requirements value="Scope and Usage Appointment resources are used to provide information about a planned meeting that may be in the future or past. The resource only describes a single meeting, a series of repeating visits would require multiple appointment resources be created for each instance. Examples include a scheduled surgery, a follow-up for a clinical visit, a scheduled conference call between clinicians to discuss a case, the reservation of a piece of diagnostic equipment for a particular use, etc. The visit scheduled by an appointment may be in person or remote (by phone, video conference, etc.) All that matters is that the time and usage of one or more individuals, locations and/or pieces of equipment is being fully or partially reserved for a designated period of time. 

This definition takes the concepts of appointments in a clinical setting and also extends them to be relevant in the community healthcare space, and also ease exposure to other appointment / calendar standards widely used outside of healthcare. 

The basic workflow to create an appointment * Discovery/Addressing Before an appointment can be made the address of the resource that we want to schedule an appointment with must be determined. This is often based on the healthcare Service Type, any formatting information which indicates how to make the request. This is typically handled via the Availability resource. 


* Checking Availability (optional) This optional step permits the checking of any existing available times (slot resources associated with a selected availability ) that can be booked against. Just because a time is indicated it is available doesn&#39;t guarantee that an appointment can be made. The booking system that is going to process the request may make other qualifying decisions to determine if the appointment can be made, such as permissions, assessments, availability of other resources etc. 

This step is optional as the creation of the appointment is never a guaranteed action. But by performing this availability check, you can increase the chances of making a successful booking. 


* Making the Appointment Request The request is performed by posting an Appointment to the address found during discovery. This will have a needs-action status for each of the participants. (The system that receives the request may modify the status of any posted appointment based on internal business rules, such as certain users do not have permission to request certain appointments) 


* Replying to the request The reply process is simply performed by the person/system handing the requests updating the Participant Statuses as needed. If there are multiple systems involved, then these will create AppointmentResponse entries with the desired statuses. 

Once all participants have their participation status created/updated (and the main system marking the appointment participant records with the AppointmentResponse statuses) then the overall status of the appointment is updated. 


* Checking the overall status (Requester) The Requester (organizer) of the appointment checks for the overall status of the appointment (and appointmentresponses where applicable) using fhir pub-sub techniques. 

Where the participant statuses indicate that a re-scheduling is required, then the process may start again, with other systems replying to a new set of times. 


There are 2 typical workflows that occur with appointments * Outlook Style - Community These types of requests are typically handled by selecting a specific time from a list of available slots. Then making the request for that timeslot. 


* Hospital Scheduling - Clinical Clinical scheduling is often far more complex in its requirements and processing. Often this involves checking multiple availabilities across multiple systems and timing with other internal systems, not just those exposed by the Slot resources. 

Consideration should be given to situations where scheduling needs to be handled in more of a queue-like process. 

Note: This type of clinical appointment scheduling has not been specifically covered with this definition of the appointment (and the related resources), however if you would like to contribute to the modification of this resource to cover these use cases, please contact the HL7 Patient Administration work-group."/>
  <mapping>
    <identity value="ical"/>
    <uri value="http://www.ietf.org/rfc/rfc2445.txt"/>
    <name value="iCalendar"/>
  </mapping>
  <mapping>
    <identity value="rim"/>
    <uri value="http://hl7.org/v3"/>
    <name value="RIM"/>
  </mapping>
  <mapping>
    <identity value="v2"/>
    <uri value="http://hl7.org/v2"/>
    <name value="HL7 v2"/>
  </mapping>
  <structure>
    <type value="Appointment"/>
    <publish value="true"/>
    <element>
      <path value="Appointment"/>
      <definition>
        <short value="(informative) A scheduled appointment for a patient and/or practitioner(s) where a service may take place"/>
        <formal value="(informative) A scheduled appointment for a patient and/or practitioner(s) where a service may take place."/>
        <min value="1"/>
        <max value="1"/>
        <type>
          <code value="Resource"/>
        </type>
        <isModifier value="false"/>
        <mapping>
          <identity value="ical"/>
          <map value="VEVENT"/>
        </mapping>
      </definition>
    </element>
    <element>
      <path value="Appointment.extension"/>
      <definition>
        <short value="Additional Content defined by implementations"/>
        <formal value="May be used to represent additional information that is not part of the basic definition of the resource. In order to make the use of extensions safe and manageable, there is a strict governance applied to the definition and use of extensions. Though any implementer is allowed to define an extension, there is a set of requirements that SHALL be met as part of the definition of the extension."/>
        <comments value="there can be no stigma associated with the use of extensions by any application, project, or standard - regardless of the institution or jurisdiction that uses or defines the extensions.  The use of extensions is what allows the FHIR specification to retain a core simplicity for everyone."/>
        <synonym value="extensions"/>
        <synonym value="user content"/>
        <min value="0"/>
        <max value="*"/>
        <type>
          <code value="Extension"/>
        </type>
        <isModifier value="false"/>
      </definition>
    </element>
    <element>
      <path value="Appointment.modifierExtension"/>
      <definition>
        <short value="Extensions that cannot be ignored"/>
        <formal value="May be used to represent additional information that is not part of the basic definition of the resource, and that modifies the understanding of the element that contains it. Usually modifier elements provide negation or qualification. In order to make the use of extensions safe and manageable, there is a strict governance applied to the definition and use of extensions. Though any implementer is allowed to define an extension, there is a set of requirements that SHALL be met as part of the definition of the extension. Applications processing a resource are required to check for modifier extensions."/>
        <comments value="there can be no stigma associated with the use of extensions by any application, project, or standard - regardless of the institution or jurisdiction that uses or defines the extensions.  The use of extensions is what allows the FHIR specification to retain a core simplicity for everyone."/>
        <synonym value="extensions"/>
        <synonym value="user content"/>
        <min value="0"/>
        <max value="*"/>
        <type>
          <code value="Extension"/>
        </type>
        <isModifier value="false"/>
      </definition>
    </element>
    <element>
      <path value="Appointment.text"/>
      <definition>
        <short value="Text summary of the resource, for human interpretation"/>
        <formal value="A human-readable narrative that contains a summary of the resource, and may be used to represent the content of the resource to a human. The narrative need not encode all the structured data, but is required to contain sufficient detail to make it &quot;clinically safe&quot; for a human to just read the narrative. Resource definitions may define what content should be represented in the narrative to ensure clinical safety."/>
        <comments value="Contained resources do not have narrative. Resources that are not contained SHOULD have a narrative."/>
        <synonym value="narrative"/>
        <synonym value="html"/>
        <synonym value="xhtml"/>
        <synonym value="display"/>
        <min value="0"/>
        <max value="1"/>
        <type>
          <code value="Narrative"/>
        </type>
        <isModifier value="false"/>
      </definition>
    </element>
    <element>
      <path value="Appointment.contained"/>
      <definition>
        <short value="Contained, inline Resources"/>
        <formal value="These resources do not have an independent existence apart from the resource that contains them - they cannot be identified independently, and nor can they have their own independent transaction scope."/>
        <comments value="This should never be done when the content can be identified properly, as once identification is lost, it is extremely difficult (and context dependent) to restore it again."/>
        <synonym value="inline resources"/>
        <synonym value="anonymous resources"/>
        <synonym value="contained resources"/>
        <min value="0"/>
        <max value="*"/>
        <type>
          <code value="Resource"/>
        </type>
        <isModifier value="false"/>
      </definition>
    </element>
    <element>
      <path value="Appointment.identifier"/>
      <definition>
        <short value="External Ids for this item"/>
        <formal value="This records identifiers associated with this appointment concern that are defined by business processed and/ or used to refer to it when a direct URL reference to the resource itself is not appropriate (e.g. in CDA documents, or in written / printed documentation)."/>
        <min value="0"/>
        <max value="*"/>
        <type>
          <code value="Identifier"/>
        </type>
        <isModifier value="false"/>
        <mapping>
          <identity value="rim"/>
          <map value=".id"/>
        </mapping>
        <mapping>
          <identity value="ical"/>
          <map value="UID"/>
        </mapping>
      </definition>
    </element>
    <element>
      <path value="Appointment.priority"/>
      <definition>
        <short value="The priority of the appointment. Can be used to make informed decisions if needing to re-prioritize appointments. (The iCal Standard specifies 0 as undefined, 1 as highest, 9 as lowest priority) (Need to change back to CodeableConcept)"/>
        <formal value="The priority of the appointment. Can be used to make informed decisions if needing to re-prioritize appointments. (The iCal Standard specifies 0 as undefined, 1 as highest, 9 as lowest priority) (Need to change back to CodeableConcept)."/>
        <min value="0"/>
        <max value="1"/>
        <type>
          <code value="integer"/>
        </type>
        <isModifier value="false"/>
        <mapping>
          <identity value="ical"/>
          <map value="PRIORITY"/>
        </mapping>
      </definition>
    </element>
    <element>
      <path value="Appointment.status"/>
      <definition>
        <short value="The overall status of the Appointment"/>
        <formal value="Each of the participants has their own participation status which indicates their involvement in the process, however this status indicates the shared status."/>
        <min value="0"/>
        <max value="1"/>
        <type>
          <code value="code"/>
        </type>
        <isModifier value="false"/>
        <binding>
          <name value="ActStatus"/>
          <isExtensible value="false"/>
          <conformance value="required"/>
          <description value="The status of the appointment"/>
          <referenceResource>
            <reference value="http://hl7.org/fhir/v3/vs/ActStatus"/>
          </referenceResource>
        </binding>
      </definition>
    </element>
    <element>
      <path value="Appointment.type"/>
      <definition>
        <short value="The type of appointments that is being booked (ideally this would be an identifiable service - which is at a location, rather than the location itself)"/>
        <formal value="The type of appointments that is being booked (ideally this would be an identifiable service - which is at a location, rather than the location itself)."/>
        <min value="0"/>
        <max value="1"/>
        <type>
          <code value="CodeableConcept"/>
        </type>
        <isModifier value="false"/>
      </definition>
    </element>
    <element>
      <path value="Appointment.reason"/>
      <definition>
        <short value="The reason that this appointment is being scheduled, this is more clinical than administrative"/>
        <formal value="The reason that this appointment is being scheduled, this is more clinical than administrative."/>
        <min value="0"/>
        <max value="1"/>
        <type>
          <code value="CodeableConcept"/>
        </type>
        <isModifier value="false"/>
        <binding>
          <name value="ApptReason"/>
          <isExtensible value="true"/>
          <conformance value="preferred"/>
          <description value="The Reason for the appointment to take place"/>
          <referenceResource>
            <reference value="http://hl7.org/fhir/vs/encounter-reason"/>
          </referenceResource>
        </binding>
      </definition>
    </element>
    <element>
      <path value="Appointment.description"/>
      <definition>
        <short value="The brief description of the appointment as would be shown on a subject line in a meeting request, or appointment list. Detailed or expanded information should be put in the comment field"/>
        <formal value="The brief description of the appointment as would be shown on a subject line in a meeting request, or appointment list. Detailed or expanded information should be put in the comment field."/>
        <min value="0"/>
        <max value="1"/>
        <type>
          <code value="string"/>
        </type>
        <isModifier value="false"/>
        <mapping>
          <identity value="ical"/>
          <map value="DESCRIPTION"/>
        </mapping>
      </definition>
    </element>
    <element>
      <path value="Appointment.start"/>
      <definition>
        <short value="Date/Time that the appointment is to take place"/>
        <formal value="Date/Time that the appointment is to take place."/>
        <min value="1"/>
        <max value="1"/>
        <type>
          <code value="instant"/>
        </type>
        <isModifier value="false"/>
      </definition>
    </element>
    <element>
      <path value="Appointment.end"/>
      <definition>
        <short value="Date/Time that the appointment is to conclude"/>
        <formal value="Date/Time that the appointment is to conclude."/>
        <min value="1"/>
        <max value="1"/>
        <type>
          <code value="instant"/>
        </type>
        <isModifier value="false"/>
      </definition>
    </element>
    <element>
      <path value="Appointment.slot"/>
      <definition>
        <short value="The slot that this appointment is filling. If provided then the schedule will not be provided as slots are not recursive, and the start/end values MUST be the same as from the slot"/>
        <formal value="The slot that this appointment is filling. If provided then the schedule will not be provided as slots are not recursive, and the start/end values MUST be the same as from the slot."/>
        <min value="0"/>
        <max value="*"/>
        <type>
          <code value="ResourceReference"/>
          <profile value="http://hl7.org/fhir/profiles/Slot"/>
        </type>
        <isModifier value="false"/>
      </definition>
    </element>
    <element>
      <path value="Appointment.location"/>
      <definition>
        <short value="The primary location that this appointment is to take place"/>
        <formal value="The primary location that this appointment is to take place."/>
        <min value="0"/>
        <max value="1"/>
        <type>
          <code value="ResourceReference"/>
          <profile value="http://hl7.org/fhir/profiles/Location"/>
        </type>
        <isModifier value="false"/>
      </definition>
    </element>
    <element>
      <path value="Appointment.comment"/>
      <definition>
        <short value="Additional comments about the appointment"/>
        <formal value="Additional comments about the appointment."/>
        <min value="0"/>
        <max value="1"/>
        <type>
          <code value="string"/>
        </type>
        <isModifier value="false"/>
        <mapping>
          <identity value="ical"/>
          <map value="COMMENT"/>
        </mapping>
      </definition>
    </element>
    <element>
      <path value="Appointment.order"/>
      <definition>
        <short value="An Order that lead to the creation of this appointment"/>
        <formal value="An Order that lead to the creation of this appointment."/>
        <min value="0"/>
        <max value="1"/>
        <type>
          <code value="ResourceReference"/>
          <profile value="http://hl7.org/fhir/profiles/Order"/>
        </type>
        <isModifier value="false"/>
      </definition>
    </element>
    <element>
      <path value="Appointment.participant"/>
      <definition>
        <short value="List of participants involved in the appointment"/>
        <formal value="List of participants involved in the appointment."/>
        <min value="1"/>
        <max value="*"/>
        <isModifier value="false"/>
        <mapping>
          <identity value="ical"/>
          <map value="ATTENDEE component to be created"/>
        </mapping>
      </definition>
    </element>
    <element>
      <path value="Appointment.participant.extension"/>
      <definition>
        <short value="Additional Content defined by implementations"/>
        <formal value="May be used to represent additional information that is not part of the basic definition of the resource. In order to make the use of extensions safe and manageable, there is a strict governance applied to the definition and use of extensions. Though any implementer is allowed to define an extension, there is a set of requirements that SHALL be met as part of the definition of the extension."/>
        <comments value="there can be no stigma associated with the use of extensions by any application, project, or standard - regardless of the institution or jurisdiction that uses or defines the extensions.  The use of extensions is what allows the FHIR specification to retain a core simplicity for everyone."/>
        <synonym value="extensions"/>
        <synonym value="user content"/>
        <min value="0"/>
        <max value="*"/>
        <type>
          <code value="Extension"/>
        </type>
        <isModifier value="false"/>
      </definition>
    </element>
    <element>
      <path value="Appointment.participant.modifierExtension"/>
      <definition>
        <short value="Extensions that cannot be ignored"/>
        <formal value="May be used to represent additional information that is not part of the basic definition of the resource, and that modifies the understanding of the element that contains it. Usually modifier elements provide negation or qualification. In order to make the use of extensions safe and manageable, there is a strict governance applied to the definition and use of extensions. Though any implementer is allowed to define an extension, there is a set of requirements that SHALL be met as part of the definition of the extension. Applications processing a resource are required to check for modifier extensions."/>
        <comments value="there can be no stigma associated with the use of extensions by any application, project, or standard - regardless of the institution or jurisdiction that uses or defines the extensions.  The use of extensions is what allows the FHIR specification to retain a core simplicity for everyone."/>
        <synonym value="extensions"/>
        <synonym value="user content"/>
        <min value="0"/>
        <max value="*"/>
        <type>
          <code value="Extension"/>
        </type>
        <isModifier value="false"/>
      </definition>
    </element>
    <element>
      <path value="Appointment.participant.type"/>
      <definition>
        <short value="Role of participant in the appointment"/>
        <formal value="Role of participant in the appointment."/>
        <min value="0"/>
        <max value="*"/>
        <type>
          <code value="CodeableConcept"/>
        </type>
        <isModifier value="false"/>
        <binding>
          <name value="ParticipantType"/>
          <isExtensible value="true"/>
          <conformance value="preferred"/>
          <description value="Role of participant in encounter"/>
          <referenceResource>
            <reference value="http://hl7.org/fhir/vs/encounter-participant-type"/>
          </referenceResource>
        </binding>
        <mapping>
          <identity value="ical"/>
          <map value="n/a"/>
        </mapping>
      </definition>
    </element>
    <element>
      <path value="Appointment.participant.individual"/>
      <definition>
        <short value="A Person of device that is participating in the appointment, usually Practitioner, Patient, RelatedPerson or Device"/>
        <formal value="A Person of device that is participating in the appointment, usually Practitioner, Patient, RelatedPerson or Device."/>
        <comments value="Should this be multiple? And move to a child enitity."/>
        <min value="0"/>
        <max value="1"/>
        <type>
          <code value="ResourceReference"/>
          <profile value="http://hl7.org/fhir/profiles/Any"/>
        </type>
        <isModifier value="false"/>
        <mapping>
          <identity value="v2"/>
          <map value="PID-3-Patient ID List"/>
        </mapping>
        <mapping>
          <identity value="ical"/>
          <map value="ATTENDEE: (Need to provide the common name CN and also the MAILTO properties from the practitioner resource)"/>
        </mapping>
      </definition>
    </element>
    <element>
      <path value="Appointment.participant.required"/>
      <definition>
        <short value="required | optional | information-only"/>
        <formal value="Is this participant required to be present at the meeting. This covers a use-case where 2 doctors need to meet to discuss the results for a specific patient, and the patient is not required to be present."/>
        <min value="0"/>
        <max value="1"/>
        <type>
          <code value="code"/>
        </type>
        <isModifier value="false"/>
        <binding>
          <name value="ParticipantRequired"/>
          <isExtensible value="false"/>
          <conformance value="required"/>
          <description value="Is the Participant required to attend the appointment"/>
          <referenceResource>
            <reference value="http://hl7.org/fhir/vs/participantrequired"/>
          </referenceResource>
        </binding>
        <mapping>
          <identity value="ical"/>
          <map value="ROLE=REQ-PARTICIPANT (roleparam)"/>
        </mapping>
      </definition>
    </element>
    <element>
      <path value="Appointment.participant.status"/>
      <definition>
        <short value="accepted | declined | tentative | in-process | completed | needs-action"/>
        <formal value="Participation status of the Patient."/>
        <min value="1"/>
        <max value="1"/>
        <type>
          <code value="code"/>
        </type>
        <isModifier value="false"/>
        <binding>
          <name value="ParticipationStatus"/>
          <isExtensible value="false"/>
          <conformance value="required"/>
          <description value="The Participation status of an appointment"/>
          <referenceResource>
            <reference value="http://hl7.org/fhir/vs/participationstatus"/>
          </referenceResource>
        </binding>
        <mapping>
          <identity value="ical"/>
          <map value="ATTENDEE;CN=&quot;Brian Postlethwaite&quot;;RSVP=TRUE:mailto:BPostlethwaite@data.com (rsvpparam | partstatparam)"/>
        </mapping>
      </definition>
    </element>
    <element>
      <path value="Appointment.lastModifiedBy"/>
      <definition>
        <short value="Who recorded the appointment"/>
        <formal value="Who recorded the appointment."/>
        <min value="0"/>
        <max value="1"/>
        <type>
          <code value="ResourceReference"/>
          <profile value="http://hl7.org/fhir/profiles/Practitioner"/>
        </type>
        <type>
          <code value="ResourceReference"/>
          <profile value="http://hl7.org/fhir/profiles/Patient"/>
        </type>
        <type>
          <code value="ResourceReference"/>
          <profile value="http://hl7.org/fhir/profiles/RelatedPerson"/>
        </type>
        <isModifier value="false"/>
        <mapping>
          <identity value="v2"/>
          <map value="IAM-14-Reported By (if patient) / IAM-18-Statused By Person (if practitioner)"/>
        </mapping>
      </definition>
    </element>
    <element>
      <path value="Appointment.lastModified"/>
      <definition>
        <short value="Date when the appointment was recorded"/>
        <formal value="Date when the appointment was recorded."/>
        <min value="0"/>
        <max value="1"/>
        <type>
          <code value="dateTime"/>
        </type>
        <isModifier value="false"/>
        <mapping>
          <identity value="v2"/>
          <map value="IAM-20-Statused at Date/Time"/>
        </mapping>
        <mapping>
          <identity value="ical"/>
          <map value="DTSTAMP"/>
        </mapping>
      </definition>
    </element>
    <searchParam>
      <name value="_id"/>
      <type value="token"/>
      <documentation value="The logical resource id associated with the resource (must be supported by all servers)"/>
    </searchParam>
    <searchParam>
      <name value="_language"/>
      <type value="token"/>
      <documentation value="The stated language of the resource"/>
    </searchParam>
    <searchParam>
      <name value="date"/>
      <type value="date"/>
      <documentation value="Appointment date/time."/>
      <xpath value="f:Appointment/f:start"/>
    </searchParam>
    <searchParam>
      <name value="individual"/>
      <type value="reference"/>
      <documentation value="Any one of the individuals participating in the appointment"/>
      <xpath value="f:Appointment/f:participant/f:individual"/>
    </searchParam>
    <searchParam>
      <name value="partstatus"/>
      <type value="token"/>
      <documentation value="The Participation status of the subject, or other participant on the appointment"/>
      <xpath value="f:Appointment/f:participant/f:status"/>
    </searchParam>
    <searchParam>
      <name value="status"/>
      <type value="string"/>
      <documentation value="The overall status of the appointment"/>
      <xpath value="f:Appointment/f:status"/>
    </searchParam>
  </structure>
</Profile>