<?xml version="1.0" encoding="UTF-8"?>

<Profile xmlns="http://hl7.org/fhir">
  <text>
    <status value="generated"/><div xmlns="http://www.w3.org/1999/xhtml"><pre>
&lt;<a title="(informative) A container for slot(s) of time that may be available for booking appointments." class="dict" href="availability-definitions.html#Availability"><b>Availability</b></a> xmlns=&quot;http://hl7.org/fhir&quot;&gt; <span style="float: right"><a title="Documentation for this format" href="formats.html"><img alt="doco" src="help.png"/></a></span>
 &lt;!-- from <a href="resources.html">Resource</a>: <a href="extensibility.html">extension</a>, <a href="extensibility.html#modifierExtension">modifierExtension</a>, language, <a href="narrative.html#Narrative">text</a>, and <a href="references.html#contained">contained</a> --&gt;
 &lt;<a title="External Ids for this item." class="dict" href="availability-definitions.html#Availability.identifier"><b>identifier</b></a>&gt;<span style="color: Gray">&lt;!--</span> <span style="color: brown"><b>0..*</b></span> <span style="color: darkgreen"><a href="datatypes.html#Identifier">Identifier</a></span> <span style="color: navy">External Ids for this item</span><span style="color: Gray"> --&gt;</span>&lt;/identifier&gt;
 &lt;<a title="The type(s) of appointments that can be booked into slots attached to this availability resource (ideally this would be an identifiable service - which is at a location, rather than the location itself). (This may be over-ridden by a slot itself)." class="dict" href="availability-definitions.html#Availability.type"><b>type</b></a>&gt;<span style="color: Gray">&lt;!--</span> <span style="color: brown"><b>0..*</b></span> <span style="color: darkgreen"><a href="datatypes.html#CodeableConcept">CodeableConcept</a></span> <a style="color: navy" href="v3/ActCode/index.html">The type(s) of appointments that can be booked into slots attached to this availability resource (ideally this would be an identifiable service - which is at a location, rather than the location itself). (This may be over-ridden by a slot itself)</a><span style="color: Gray"> --&gt;</span>&lt;/type&gt;
 &lt;<a title="The resource this availability resource is providing availability information for. These are expected to usually be one of Location, Practitioner, Device, Patient or RelatedPerson." class="dict" href="availability-definitions.html#Availability.individual"><b>individual</b></a>&gt;<span style="color: Gray">&lt;!--</span> <span style="color: brown"><b>1..1</b></span> <span style="color: darkgreen"><a href="references.html#Resource">Resource</a>(<a href="resourcelist.html">Any</a>)</span> <span style="color: navy">
     The resource this availability resource is providing availability information for. These are expected to usually be one of Location, Practitioner, Device, Patient or RelatedPerson</span><span style="color: Gray"> --&gt;</span>&lt;/individual&gt;
 &lt;<a title="The period of time that the slots that are attached to this availability resource cover (even if none exist). These  cover the amount of time that an organization&#39;s planning horizon; the interval for which they are currently accepting appointments. This does not define a &quot;template&quot; for planning outside these dates." class="dict" href="availability-definitions.html#Availability.planningHorizon"><b>planningHorizon</b></a>&gt;<span style="color: Gray">&lt;!--</span> <span style="color: brown"><b>0..1</b></span> <span style="color: darkgreen"><a href="datatypes.html#Period">Period</a></span> <span style="color: navy">
     The period of time that the slots that are attached to this availability resource cover (even if none exist). These  cover the amount of time that an organization&#39;s planning horizon; the interval for which they are currently accepting appointments. This does not define a &quot;template&quot; for planning outside these dates</span><span style="color: Gray"> --&gt;</span>&lt;/planningHorizon&gt;
 &lt;<a title="Comments on the availability to describe any extended information. Such as custom constraints on the slot(s) that may be associated." class="dict" href="availability-definitions.html#Availability.comment"><b>comment</b></a> value=&quot;[<span style="color: darkgreen"><a href="datatypes.html#string">string</a></span>]&quot;/&gt;<span style="color: Gray">&lt;!--</span> <span style="color: brown"><b>0..1</b></span> <span style="color: navy">
     Comments on the availability to describe any extended information. Such as custom constraints on the slot(s) that may be associated</span><span style="color: Gray"> --&gt;</span>
 &lt;<a title="When this availability was created, or last revised." class="dict" href="availability-definitions.html#Availability.lastModified"><b>lastModified</b></a> value=&quot;[<span style="color: darkgreen"><a href="datatypes.html#dateTime">dateTime</a></span>]&quot;/&gt;<span style="color: Gray">&lt;!--</span> <span style="color: brown"><b>0..1</b></span> <span style="color: navy">When this availability was created, or last revised</span><span style="color: Gray"> --&gt;</span>
&lt;/Availability&gt;
</pre></div>
  </text>
  <identifier value="http://hl7.org/fhir/profile/availability"/>
  <name value="availability"/>
  <publisher value="FHIR Project"/>
  <description value="Basic Profile. (informative) A container for slot(s) of time that may be available for booking appointments."/>
  <status value="draft"/>
  <date value="2014-06-06"/>
  <requirements value="Scope and Usage Availability resources provide a container for time-slots that can be booked using an appointment, It provides the window of time (period) that slots are defined for and what type of appointments can be booked. They do not provide any information about actual appointments. 

In HL7 v2.7 (and the RIM) this resource is defined as a schedule (which in fhir is a simple recurrence): 

A schedule controls the dates and times available for the performance of a service and/or the use of a resource. One schedule applies to one service or resource, since each service or resource can be reserved independently of the others. (If two or more services, people, locations, or things cannot be reserved independently of one another, they are considered to be one activity or resource.) A schedule consists of slots of time during which the controlled service or resource is potentially available for performance or use. Slots are categorized as open, booked, or blocked. An open slot on a schedule indicates that the service or resource is available for performance or use during that period of time. A booked slot indicates that the service or resource is not available during the time period, because an appointment has been scheduled. A blocked slot indicates that a service or resource is unavailable for reasons other than a scheduled appointment. 

The real-world, non-automated analog of the schedule described above is a standard appointment book. These books are generally organized with rows of time slots, during which a service or resource is available. 

A slot is one unit on a schedule. A slot represents the smallest unit of time or quantity that a service or resource may be booked. Depending on the nature of the service or resource, there may be more than one defined slot at a given instant of time. For example, if a service is an open group therapy session with twelve available seats, then there are twelve slots for the given block of time. 

It is expected that servers could expose this information as an alternate representation using the iCalendar free/busy format, joining the information in slot resources that reference this availability resource."/>
  <mapping>
    <identity value="ical"/>
    <uri value="http://www.ietf.org/rfc/rfc2445.txt"/>
    <name value="iCalendar"/>
  </mapping>
  <mapping>
    <identity value="rim"/>
    <uri value="http://hl7.org/v3"/>
    <name value="RIM"/>
  </mapping>
  <structure>
    <type value="Availability"/>
    <publish value="true"/>
    <element>
      <path value="Availability"/>
      <definition>
        <short value="(informative) A container for slot(s) of time that may be available for booking appointments"/>
        <formal value="(informative) A container for slot(s) of time that may be available for booking appointments."/>
        <min value="1"/>
        <max value="1"/>
        <type>
          <code value="Resource"/>
        </type>
        <isModifier value="false"/>
        <mapping>
          <identity value="ical"/>
          <map value="BEGIN:VFREEBUSY  …  END:VFREEBUSY
(If your fhir server provides this information via calDAV, then you may want to include addressing information in a URL section, and with the search, a DTSTART and DTEND component can be included to indicate the range of time that has been covered in the collection of slots, where these overlap the resources period values. For all slots that reference this resource, include a FREEBUSY row for each slot)"/>
        </mapping>
      </definition>
    </element>
    <element>
      <path value="Availability.extension"/>
      <definition>
        <short value="Additional Content defined by implementations"/>
        <formal value="May be used to represent additional information that is not part of the basic definition of the resource. In order to make the use of extensions safe and manageable, there is a strict governance applied to the definition and use of extensions. Though any implementer is allowed to define an extension, there is a set of requirements that SHALL be met as part of the definition of the extension."/>
        <comments value="there can be no stigma associated with the use of extensions by any application, project, or standard - regardless of the institution or jurisdiction that uses or defines the extensions.  The use of extensions is what allows the FHIR specification to retain a core simplicity for everyone."/>
        <synonym value="extensions"/>
        <synonym value="user content"/>
        <min value="0"/>
        <max value="*"/>
        <type>
          <code value="Extension"/>
        </type>
        <isModifier value="false"/>
      </definition>
    </element>
    <element>
      <path value="Availability.modifierExtension"/>
      <definition>
        <short value="Extensions that cannot be ignored"/>
        <formal value="May be used to represent additional information that is not part of the basic definition of the resource, and that modifies the understanding of the element that contains it. Usually modifier elements provide negation or qualification. In order to make the use of extensions safe and manageable, there is a strict governance applied to the definition and use of extensions. Though any implementer is allowed to define an extension, there is a set of requirements that SHALL be met as part of the definition of the extension. Applications processing a resource are required to check for modifier extensions."/>
        <comments value="there can be no stigma associated with the use of extensions by any application, project, or standard - regardless of the institution or jurisdiction that uses or defines the extensions.  The use of extensions is what allows the FHIR specification to retain a core simplicity for everyone."/>
        <synonym value="extensions"/>
        <synonym value="user content"/>
        <min value="0"/>
        <max value="*"/>
        <type>
          <code value="Extension"/>
        </type>
        <isModifier value="false"/>
      </definition>
    </element>
    <element>
      <path value="Availability.text"/>
      <definition>
        <short value="Text summary of the resource, for human interpretation"/>
        <formal value="A human-readable narrative that contains a summary of the resource, and may be used to represent the content of the resource to a human. The narrative need not encode all the structured data, but is required to contain sufficient detail to make it &quot;clinically safe&quot; for a human to just read the narrative. Resource definitions may define what content should be represented in the narrative to ensure clinical safety."/>
        <comments value="Contained resources do not have narrative. Resources that are not contained SHOULD have a narrative."/>
        <synonym value="narrative"/>
        <synonym value="html"/>
        <synonym value="xhtml"/>
        <synonym value="display"/>
        <min value="0"/>
        <max value="1"/>
        <type>
          <code value="Narrative"/>
        </type>
        <isModifier value="false"/>
      </definition>
    </element>
    <element>
      <path value="Availability.contained"/>
      <definition>
        <short value="Contained, inline Resources"/>
        <formal value="These resources do not have an independent existence apart from the resource that contains them - they cannot be identified independently, and nor can they have their own independent transaction scope."/>
        <comments value="This should never be done when the content can be identified properly, as once identification is lost, it is extremely difficult (and context dependent) to restore it again."/>
        <synonym value="inline resources"/>
        <synonym value="anonymous resources"/>
        <synonym value="contained resources"/>
        <min value="0"/>
        <max value="*"/>
        <type>
          <code value="Resource"/>
        </type>
        <isModifier value="false"/>
      </definition>
    </element>
    <element>
      <path value="Availability.identifier"/>
      <definition>
        <short value="External Ids for this item"/>
        <formal value="External Ids for this item."/>
        <min value="0"/>
        <max value="*"/>
        <type>
          <code value="Identifier"/>
        </type>
        <isModifier value="false"/>
        <mapping>
          <identity value="rim"/>
          <map value=".id"/>
        </mapping>
        <mapping>
          <identity value="ical"/>
          <map value="UID"/>
        </mapping>
      </definition>
    </element>
    <element>
      <path value="Availability.type"/>
      <definition>
        <short value="The type(s) of appointments that can be booked into slots attached to this availability resource (ideally this would be an identifiable service - which is at a location, rather than the location itself). (This may be over-ridden by a slot itself)"/>
        <formal value="The type(s) of appointments that can be booked into slots attached to this availability resource (ideally this would be an identifiable service - which is at a location, rather than the location itself). (This may be over-ridden by a slot itself)."/>
        <min value="0"/>
        <max value="*"/>
        <type>
          <code value="CodeableConcept"/>
        </type>
        <isModifier value="false"/>
        <binding>
          <name value="ActType"/>
          <isExtensible value="true"/>
          <conformance value="preferred"/>
          <description value="The type of appointments that can be booked on the slots that are associated with this availability resource (however the slot can over-ride this value)"/>
          <referenceResource>
            <reference value="http://hl7.org/fhir/v3/vs/ActCode"/>
          </referenceResource>
        </binding>
        <mapping>
          <identity value="ical"/>
          <map value="n/a"/>
        </mapping>
      </definition>
    </element>
    <element>
      <path value="Availability.individual"/>
      <definition>
        <short value="The resource this availability resource is providing availability information for. These are expected to usually be one of Location, Practitioner, Device, Patient or RelatedPerson"/>
        <formal value="The resource this availability resource is providing availability information for. These are expected to usually be one of Location, Practitioner, Device, Patient or RelatedPerson."/>
        <min value="1"/>
        <max value="1"/>
        <type>
          <code value="ResourceReference"/>
          <profile value="http://hl7.org/fhir/profiles/Any"/>
        </type>
        <isModifier value="false"/>
        <mapping>
          <identity value="ical"/>
          <map value="ATTENDEE:MAILTO:john_public@host2.com
This can be populated with a value from the referenced resource"/>
        </mapping>
      </definition>
    </element>
    <element>
      <path value="Availability.planningHorizon"/>
      <definition>
        <short value="The period of time that the slots that are attached to this availability resource cover (even if none exist). These  cover the amount of time that an organization&#39;s planning horizon; the interval for which they are currently accepting appointments. This does not define a &quot;template&quot; for planning outside these dates"/>
        <formal value="The period of time that the slots that are attached to this availability resource cover (even if none exist). These  cover the amount of time that an organization&#39;s planning horizon; the interval for which they are currently accepting appointments. This does not define a &quot;template&quot; for planning outside these dates."/>
        <min value="0"/>
        <max value="1"/>
        <type>
          <code value="Period"/>
        </type>
        <isModifier value="false"/>
        <mapping>
          <identity value="ical"/>
          <map value="DTSTART:20131201T003000Z
DTEND:2014030101T003000Z"/>
        </mapping>
      </definition>
    </element>
    <element>
      <path value="Availability.comment"/>
      <definition>
        <short value="Comments on the availability to describe any extended information. Such as custom constraints on the slot(s) that may be associated"/>
        <formal value="Comments on the availability to describe any extended information. Such as custom constraints on the slot(s) that may be associated."/>
        <min value="0"/>
        <max value="1"/>
        <type>
          <code value="string"/>
        </type>
        <isModifier value="false"/>
        <mapping>
          <identity value="ical"/>
          <map value="COMMENT:(comment)
If there is no comment, then the line can be excluded from the iCalendar entry"/>
        </mapping>
      </definition>
    </element>
    <element>
      <path value="Availability.lastModified"/>
      <definition>
        <short value="When this availability was created, or last revised"/>
        <formal value="When this availability was created, or last revised."/>
        <min value="0"/>
        <max value="1"/>
        <type>
          <code value="dateTime"/>
        </type>
        <isModifier value="false"/>
        <mapping>
          <identity value="ical"/>
          <map value="DTSTAMP:19970901T083000Z
(Server may consider updating this date to the latest date on the slots)"/>
        </mapping>
      </definition>
    </element>
    <searchParam>
      <name value="_id"/>
      <type value="token"/>
      <documentation value="The logical resource id associated with the resource (must be supported by all servers)"/>
    </searchParam>
    <searchParam>
      <name value="_language"/>
      <type value="token"/>
      <documentation value="The stated language of the resource"/>
    </searchParam>
    <searchParam>
      <name value="date"/>
      <type value="date"/>
      <documentation value="Search for availability resources that have a period that contains this date specified"/>
      <xpath value="f:Availability/f:planningHorizon"/>
    </searchParam>
    <searchParam>
      <name value="individual"/>
      <type value="reference"/>
      <documentation value="The individual to find an availability for"/>
      <xpath value="f:Availability/f:individual"/>
    </searchParam>
    <searchParam>
      <name value="type"/>
      <type value="token"/>
      <documentation value="The type of appointments that can be booked into associated slot(s)"/>
      <xpath value="f:Availability/f:type"/>
    </searchParam>
  </structure>
</Profile>