<?xml version="1.0" encoding="UTF-8"?>

<Profile xmlns="http://hl7.org/fhir">
  <text>
    <status value="generated"/><div xmlns="http://www.w3.org/1999/xhtml"><pre>
&lt;<a title="The formal description of a single piece of information that can be gathered and reported." class="dict" href="dataelement-definitions.html#DataElement"><b>DataElement</b></a> xmlns=&quot;http://hl7.org/fhir&quot;&gt; <span style="float: right"><a title="Documentation for this format" href="formats.html"><img alt="doco" src="help.png"/></a></span>
 &lt;!-- from <a href="resources.html">Resource</a>: <a href="extensibility.html">extension</a>, <a href="extensibility.html#modifierExtension">modifierExtension</a>, language, <a href="narrative.html#Narrative">text</a>, and <a href="references.html#contained">contained</a> --&gt;
 &lt;<a title="The identifier that is used to identify this data element when it is referenced in a Profile, Questionnaire or an instance  (should be globally unique OID, UUID, or URI)." class="dict" href="dataelement-definitions.html#DataElement.identifier"><b>identifier</b></a> value=&quot;[<span style="color: darkgreen"><a href="datatypes.html#string">string</a></span>]&quot;/&gt;<span style="color: Gray">&lt;!--</span> <span style="color: brown"><b>0..1</b></span> <span style="color: navy">Logical id to reference this data element<span title="This element is included in a summary view (See Search/Query)" style="color: Navy"> §</span></span><span style="color: Gray"> --&gt;</span>
 &lt;<a title="The identifier that is used to identify this version of the data element when it is referenced in a Profile, Questionnaire or instance. This is an arbitrary value managed by the definition author manually." class="dict" href="dataelement-definitions.html#DataElement.version"><b>version</b></a> value=&quot;[<span style="color: darkgreen"><a href="datatypes.html#string">string</a></span>]&quot;/&gt;<span style="color: Gray">&lt;!--</span> <span style="color: brown"><b>0..1</b></span> <span style="color: navy">Logical id for this version of the data element<span title="This element is included in a summary view (See Search/Query)" style="color: Navy"> §</span></span><span style="color: Gray"> --&gt;</span>
 &lt;<a title="Details of the individual or organization who accepts responsibility for publishing the data element." class="dict" href="dataelement-definitions.html#DataElement.publisher"><b>publisher</b></a> value=&quot;[<span style="color: darkgreen"><a href="datatypes.html#string">string</a></span>]&quot;/&gt;<span style="color: Gray">&lt;!--</span> <span style="color: brown"><b>0..1</b></span> <span style="color: navy">Name of the publisher (Organization or individual)<span title="This element is included in a summary view (See Search/Query)" style="color: Navy"> §</span></span><span style="color: Gray"> --&gt;</span>
 &lt;<a title="Contact details to assist a user in finding and communicating with the publisher." class="dict" href="dataelement-definitions.html#DataElement.telecom"><b>telecom</b></a>&gt;<span style="color: Gray">&lt;!--</span> <span style="color: brown"><b>0..*</b></span> <span style="color: darkgreen"><a href="datatypes.html#Contact">Contact</a></span> <span style="color: navy">Contact information of the publisher<span title="This element is included in a summary view (See Search/Query)" style="color: Navy"> §</span></span><span style="color: Gray"> --&gt;</span>&lt;/telecom&gt;
 &lt;<a title="The status of the data element (this element modifies the meaning of other elements)" class="dict" href="dataelement-definitions.html#DataElement.status"><span style="text-decoration: underline"><b>status</b></span></a> value=&quot;[<span style="color: darkgreen"><a href="datatypes.html#code">code</a></span>]&quot;/&gt;<span style="color: Gray">&lt;!--</span> <span style="color: brown"><b>1..1</b></span> <span style="color: navy"><a style="color: navy" href="resource-observation-def-status.html">draft | active | retired<span title="This element is included in a summary view (See Search/Query)" style="color: Navy"> §</span></a></span><span style="color: Gray"> --&gt;</span>
 &lt;<a title="The date that this version of the data element was published." class="dict" href="dataelement-definitions.html#DataElement.date"><b>date</b></a> value=&quot;[<span style="color: darkgreen"><a href="datatypes.html#dateTime">dateTime</a></span>]&quot;/&gt;<span style="color: Gray">&lt;!--</span> <span style="color: brown"><b>0..1</b></span> <span style="color: navy">Date for this version of the data element<span title="This element is included in a summary view (See Search/Query)" style="color: Navy"> §</span></span><span style="color: Gray"> --&gt;</span>
 &lt;<a title="The term used by humans to refer to the data element.  Should ideally be unique within the context in which the data element is expected to be used." class="dict" href="dataelement-definitions.html#DataElement.name"><b>name</b></a> value=&quot;[<span style="color: darkgreen"><a href="datatypes.html#string">string</a></span>]&quot;/&gt;<span style="color: Gray">&lt;!--</span> <span style="color: brown"><b>0..1</b></span> <span style="color: navy">Descriptive label for this element definition<span title="This element is included in a summary view (See Search/Query)" style="color: Navy"> §</span></span><span style="color: Gray"> --&gt;</span>
 &lt;<a title="A set of terms from external terminologies that may be used to assist with indexing and searching of data element definitions." class="dict" href="dataelement-definitions.html#DataElement.category"><b>category</b></a>&gt;<span style="color: Gray">&lt;!--</span> <span style="color: brown"><b>0..*</b></span> <span style="color: darkgreen"><a href="datatypes.html#CodeableConcept">CodeableConcept</a></span> <span style="color: navy">Assist with indexing and finding<span title="This element is included in a summary view (See Search/Query)" style="color: Navy"> §</span></span><span style="color: Gray"> --&gt;</span>&lt;/category&gt;
 &lt;<a title="A code assigned to the data element within a particular terminology." class="dict" href="dataelement-definitions.html#DataElement.code"><b>code</b></a>&gt;<span style="color: Gray">&lt;!--</span> <span style="color: brown"><b>0..*</b></span> <span style="color: darkgreen"><a href="datatypes.html#Coding">Coding</a></span> <span style="color: navy">Identifying concept<span title="This element is included in a summary view (See Search/Query)" style="color: Navy"> §</span></span><span style="color: Gray"> --&gt;</span>&lt;/code&gt;
 &lt;<a title="The default/suggested phrasing to use when prompting a human to capture the data element." class="dict" href="dataelement-definitions.html#DataElement.question"><b>question</b></a> value=&quot;[<span style="color: darkgreen"><a href="datatypes.html#string">string</a></span>]&quot;/&gt;<span style="color: Gray">&lt;!--</span> <span style="color: brown"><b>0..1</b></span> <span style="color: navy">How to ask for element<span title="This element is included in a summary view (See Search/Query)" style="color: Navy"> §</span></span><span style="color: Gray"> --&gt;</span>
 &lt;<a title="Provides a complete explanation of the meaning of the data element for human readability." class="dict" href="dataelement-definitions.html#DataElement.definition"><b>definition</b></a> value=&quot;[<span style="color: darkgreen"><a href="datatypes.html#string">string</a></span>]&quot;/&gt;<span style="color: Gray">&lt;!--</span> <span style="color: brown"><b>0..1</b></span> <span style="color: navy">Full formal definition in human language</span><span style="color: Gray"> --&gt;</span>
 &lt;<a title="Comments about the use of the element, including notes about how to use the data properly, exceptions to proper use, etc." class="dict" href="dataelement-definitions.html#DataElement.comments"><b>comments</b></a> value=&quot;[<span style="color: darkgreen"><a href="datatypes.html#string">string</a></span>]&quot;/&gt;<span style="color: Gray">&lt;!--</span> <span style="color: brown"><b>0..1</b></span> <span style="color: navy">Comments about the use of this element</span><span style="color: Gray"> --&gt;</span>
 &lt;<a title="Explains why this element is needed and why it&#39;s been constrained as it has." class="dict" href="dataelement-definitions.html#DataElement.requirements"><b>requirements</b></a> value=&quot;[<span style="color: darkgreen"><a href="datatypes.html#string">string</a></span>]&quot;/&gt;<span style="color: Gray">&lt;!--</span> <span style="color: brown"><b>0..1</b></span> <span style="color: navy">Why is this needed?</span><span style="color: Gray"> --&gt;</span>
 &lt;<a title="Identifies additional names by which this element might also be known." class="dict" href="dataelement-definitions.html#DataElement.synonym"><b>synonym</b></a> value=&quot;[<span style="color: darkgreen"><a href="datatypes.html#string">string</a></span>]&quot;/&gt;<span style="color: Gray">&lt;!--</span> <span style="color: brown"><b>0..*</b></span> <span style="color: navy">Other names</span><span style="color: Gray"> --&gt;</span>
 &lt;<a title="The FHIR data type that is the type for this element." class="dict" href="dataelement-definitions.html#DataElement.type"><b>type</b></a> value=&quot;[<span style="color: darkgreen"><a href="datatypes.html#code">code</a></span>]&quot;/&gt;<span style="color: Gray">&lt;!--</span> <span style="color: brown"><b>1..1</b></span> <span style="color: navy"><a style="color: navy" href="data-types.html">Name of Data type</a></span><span style="color: Gray"> --&gt;</span>
 &lt;<a title="An example value for this element." class="dict" href="dataelement-definitions.html#DataElement.example_x_"><b>example[x]</b></a>&gt;<span style="color: Gray">&lt;!--</span> <span style="color: brown"><b>0..1</b></span> <span style="color: darkgreen"><a href="datatypes.html#open">*</a></span> <span style="color: navy">Example value: [as defined for type]</span><span style="color: Gray"> --&gt;</span>&lt;/example[x]&gt;
 &lt;<a title="Indicates the shortest length that SHALL be supported by conformant instances without truncation." class="dict" href="dataelement-definitions.html#DataElement.maxLength"><b>maxLength</b></a> value=&quot;[<span style="color: darkgreen"><a href="datatypes.html#integer">integer</a></span>]&quot;/&gt;<span style="color: Gray">&lt;!--</span> <span style="color: brown"><b>0..1</b></span> <span style="color: navy">Length for strings</span><span style="color: Gray"> --&gt;</span>
 &lt;<a title="Identifies the units of measure in which the data element should be captured or expressed." class="dict" href="dataelement-definitions.html#DataElement.units"><b>units</b></a>&gt;<span style="color: Gray">&lt;!--</span> <span style="color: brown"><b>0..1</b></span> <span style="color: darkgreen"><a href="datatypes.html#CodeableConcept">CodeableConcept</a></span> <span style="color: navy"><a style="color: navy" href="valueset-units.html">Units to use for measured value</a></span><span style="color: Gray"> --&gt;</span>&lt;/units&gt;
 &lt;<a title="Binds to a value set if this element is coded (code, Coding, CodeableConcept)." class="dict" href="dataelement-definitions.html#DataElement.binding"><b>binding</b></a>&gt;  <span style="color: Gray">&lt;!-- <span style="color: brown"><b>0..1</b></span> ValueSet details if this is coded --&gt;</span>
  &lt;<a title="If true, then conformant systems may use additional codes or (where the data type permits) text alone to convey concepts not covered by the set of codes identified in the binding.  If false, then conformant systems are constrained to the provided codes alone." class="dict" href="dataelement-definitions.html#DataElement.binding.isExtensible"><b>isExtensible</b></a> value=&quot;[<span style="color: darkgreen"><a href="datatypes.html#boolean">boolean</a></span>]&quot;/&gt;<span style="color: Gray">&lt;!--</span> <span title="Inv-14: Example value sets are always extensible" style="color: brown"><b><img alt="??" src="lock.png"/> 1..1</b></span> <span style="color: navy">Can additional codes be used?</span><span style="color: Gray"> --&gt;</span>
  &lt;<a title="Indicates the degree of conformance expectations associated with this binding." class="dict" href="dataelement-definitions.html#DataElement.binding.conformance"><b>conformance</b></a> value=&quot;[<span style="color: darkgreen"><a href="datatypes.html#code">code</a></span>]&quot;/&gt;<span style="color: Gray">&lt;!--</span> <span title="Inv-14: Example value sets are always extensible" style="color: brown"><b><img alt="??" src="lock.png"/> 0..1</b></span> <span style="color: navy"><a style="color: navy" href="binding-conformance.html">required | preferred | example</a></span><span style="color: Gray"> --&gt;</span>
  &lt;<a title="Describes the intended use of this particular set of codes." class="dict" href="dataelement-definitions.html#DataElement.binding.description"><b>description</b></a> value=&quot;[<span style="color: darkgreen"><a href="datatypes.html#string">string</a></span>]&quot;/&gt;<span style="color: Gray">&lt;!--</span> <span title="Inv-3: provide either a valueSet or a description (or both)" style="color: brown"><b><img alt="??" src="lock.png"/> 0..1</b></span> <span style="color: navy">Human explanation of the value set</span><span style="color: Gray"> --&gt;</span>
  &lt;<a title="Points to the value set that identifies the set of codes to be used." class="dict" href="dataelement-definitions.html#DataElement.binding.valueSet"><b>valueSet</b></a>&gt;<span style="color: Gray">&lt;!--</span> <span title="Inv-3: provide either a valueSet or a description (or both)" style="color: brown"><b><img alt="??" src="lock.png"/> 0..1</b></span> <span style="color: darkgreen"><a href="references.html#Resource">Resource</a>(<a href="valueset.html#ValueSet">ValueSet</a>)</span> <span style="color: navy">Source of value set</span><span style="color: Gray"> --&gt;</span>&lt;/valueSet&gt;
 &lt;/binding&gt;
 &lt;<a title="Identifies a concept from an external specification that roughly corresponds to this element." class="dict" href="dataelement-definitions.html#DataElement.mapping"><b>mapping</b></a>&gt;  <span style="color: Gray">&lt;!-- <span style="color: brown"><b>0..*</b></span> Map element to another set of definitions --&gt;</span>
  &lt;<a title="A URI that identifies the specification that this mapping is expressed to." class="dict" href="dataelement-definitions.html#DataElement.mapping.uri"><b>uri</b></a> value=&quot;[<span style="color: darkgreen"><a href="datatypes.html#uri">uri</a></span>]&quot;/&gt;<span style="color: Gray">&lt;!--</span> <span title="Inv-26: Must have at a name or a uri (or both)" style="color: brown"><b><img alt="??" src="lock.png"/> 0..1</b></span> <span style="color: navy">Identifies what this mapping refers to</span><span style="color: Gray"> --&gt;</span>
  &lt;<a title="A name for the specification that is being mapped to." class="dict" href="dataelement-definitions.html#DataElement.mapping.name"><b>name</b></a> value=&quot;[<span style="color: darkgreen"><a href="datatypes.html#string">string</a></span>]&quot;/&gt;<span style="color: Gray">&lt;!--</span> <span title="Inv-26: Must have at a name or a uri (or both)" style="color: brown"><b><img alt="??" src="lock.png"/> 0..1</b></span> <span style="color: navy">Names what this mapping refers to</span><span style="color: Gray"> --&gt;</span>
  &lt;<a title="Comments about this mapping, including version notes, issues, scope limitations, and other important notes for usage." class="dict" href="dataelement-definitions.html#DataElement.mapping.comments"><b>comments</b></a> value=&quot;[<span style="color: darkgreen"><a href="datatypes.html#string">string</a></span>]&quot;/&gt;<span style="color: Gray">&lt;!--</span> <span style="color: brown"><b>0..1</b></span> <span style="color: navy">Versions, Issues, Scope limitations etc</span><span style="color: Gray"> --&gt;</span>
  &lt;<a title="Expresses what part of the target specification corresponds to this element." class="dict" href="dataelement-definitions.html#DataElement.mapping.map"><b>map</b></a> value=&quot;[<span style="color: darkgreen"><a href="datatypes.html#string">string</a></span>]&quot;/&gt;<span style="color: Gray">&lt;!--</span> <span style="color: brown"><b>1..1</b></span> <span style="color: navy">Details of the mapping</span><span style="color: Gray"> --&gt;</span>
 &lt;/mapping&gt;
&lt;/DataElement&gt;
</pre></div>
  </text>
  <identifier value="http://hl7.org/fhir/profile/dataelement"/>
  <name value="dataelement"/>
  <publisher value="FHIR Project"/>
  <description value="Basic Profile. The formal description of a single piece of information that can be gathered and reported."/>
  <status value="draft"/>
  <date value="2014-06-06"/>
  <requirements value="Scope and Usage This resource covers two major use-cases: 

* Definitions of types of observations that may be performed, sometimes referred to as &quot;observation master files&quot;
* Definitions of &quot;data elements&quot; (DEs) that may be used in questionnaires and profiles and potentially mapped to elements in other resources and profiles
The purpose of the first use-case is to allow systems to identify what types of lab orders, diagnostic reports and other types of observations may be requested or performed within a particular organization or other context. An ordering practitioner can query for a list of data elements by category name or other criteria and identify which, within a set of similar tests, they wish to be performed. 

The focus of the second use-case is standardizing data capture and reporting. By defining standard names, data capture constraints, questions and other characteristics, the data gathered within and across organizations via questionnaires, as part of clinical studies, etc. can be made more consistent. When designing clinical studies, constructing questionnaires, building profiles or performing other tasks that involve determining what data will be captured or exchanged and how, designers can query to find pre-defined data element definitions they can leverage or map to. By encouraging consistency around data element definitions, data types, value sets, string lengths and other constraints, data becomes more easily exchangeable and comparible across systems. This benefits interoperability and clinical research. 

The scope covers base capabilities of the ISO 11179 Metadata Registries specification which defines CDEs. It also covers observation definitions by ontologies such as LOINC. The term &quot;observation&quot; is interpretted in its broadest sense as &quot;any element that might be thought of as the &#39;value&#39; in a name-value pair&quot;. So it includes such concepts as patient gender, practitioner address and other data elements that would not typically be captured using the Observation resource."/>
  <mapping>
    <identity value="rim"/>
    <uri value="http://hl7.org/v3"/>
    <name value="RIM"/>
  </mapping>
  <mapping>
    <identity value="v2"/>
    <uri value="http://hl7.org/v2"/>
    <name value="HL7 v2"/>
  </mapping>
  <structure>
    <type value="DataElement"/>
    <publish value="true"/>
    <element>
      <path value="DataElement"/>
      <definition>
        <short value="Resource data element"/>
        <formal value="The formal description of a single piece of information that can be gathered and reported."/>
        <comments value="Often called a clinical template."/>
        <min value="1"/>
        <max value="1"/>
        <type>
          <code value="Resource"/>
        </type>
        <isModifier value="false"/>
        <mapping>
          <identity value="rim"/>
          <map value="Observation[classCode=OBS, moodCode=DEFN]"/>
        </mapping>
        <mapping>
          <identity value="v2"/>
          <map value="OM1"/>
        </mapping>
      </definition>
    </element>
    <element>
      <path value="DataElement.extension"/>
      <definition>
        <short value="Additional Content defined by implementations"/>
        <formal value="May be used to represent additional information that is not part of the basic definition of the resource. In order to make the use of extensions safe and manageable, there is a strict governance applied to the definition and use of extensions. Though any implementer is allowed to define an extension, there is a set of requirements that SHALL be met as part of the definition of the extension."/>
        <comments value="there can be no stigma associated with the use of extensions by any application, project, or standard - regardless of the institution or jurisdiction that uses or defines the extensions.  The use of extensions is what allows the FHIR specification to retain a core simplicity for everyone."/>
        <synonym value="extensions"/>
        <synonym value="user content"/>
        <min value="0"/>
        <max value="*"/>
        <type>
          <code value="Extension"/>
        </type>
        <isModifier value="false"/>
      </definition>
    </element>
    <element>
      <path value="DataElement.modifierExtension"/>
      <definition>
        <short value="Extensions that cannot be ignored"/>
        <formal value="May be used to represent additional information that is not part of the basic definition of the resource, and that modifies the understanding of the element that contains it. Usually modifier elements provide negation or qualification. In order to make the use of extensions safe and manageable, there is a strict governance applied to the definition and use of extensions. Though any implementer is allowed to define an extension, there is a set of requirements that SHALL be met as part of the definition of the extension. Applications processing a resource are required to check for modifier extensions."/>
        <comments value="there can be no stigma associated with the use of extensions by any application, project, or standard - regardless of the institution or jurisdiction that uses or defines the extensions.  The use of extensions is what allows the FHIR specification to retain a core simplicity for everyone."/>
        <synonym value="extensions"/>
        <synonym value="user content"/>
        <min value="0"/>
        <max value="*"/>
        <type>
          <code value="Extension"/>
        </type>
        <isModifier value="false"/>
      </definition>
    </element>
    <element>
      <path value="DataElement.text"/>
      <definition>
        <short value="Text summary of the resource, for human interpretation"/>
        <formal value="A human-readable narrative that contains a summary of the resource, and may be used to represent the content of the resource to a human. The narrative need not encode all the structured data, but is required to contain sufficient detail to make it &quot;clinically safe&quot; for a human to just read the narrative. Resource definitions may define what content should be represented in the narrative to ensure clinical safety."/>
        <comments value="Contained resources do not have narrative. Resources that are not contained SHOULD have a narrative."/>
        <synonym value="narrative"/>
        <synonym value="html"/>
        <synonym value="xhtml"/>
        <synonym value="display"/>
        <min value="0"/>
        <max value="1"/>
        <type>
          <code value="Narrative"/>
        </type>
        <isModifier value="false"/>
      </definition>
    </element>
    <element>
      <path value="DataElement.contained"/>
      <definition>
        <short value="Contained, inline Resources"/>
        <formal value="These resources do not have an independent existence apart from the resource that contains them - they cannot be identified independently, and nor can they have their own independent transaction scope."/>
        <comments value="This should never be done when the content can be identified properly, as once identification is lost, it is extremely difficult (and context dependent) to restore it again."/>
        <synonym value="inline resources"/>
        <synonym value="anonymous resources"/>
        <synonym value="contained resources"/>
        <min value="0"/>
        <max value="*"/>
        <type>
          <code value="Resource"/>
        </type>
        <isModifier value="false"/>
      </definition>
    </element>
    <element>
      <path value="DataElement.identifier"/>
      <definition>
        <short value="Logical id to reference this data element"/>
        <formal value="The identifier that is used to identify this data element when it is referenced in a Profile, Questionnaire or an instance  (should be globally unique OID, UUID, or URI)."/>
        <comments value="N/A."/>
        <min value="0"/>
        <max value="1"/>
        <type>
          <code value="string"/>
        </type>
        <isModifier value="false"/>
        <mapping>
          <identity value="rim"/>
          <map value="./id[use=BUS]"/>
        </mapping>
        <mapping>
          <identity value="v2"/>
          <map value="OM1.2"/>
        </mapping>
      </definition>
    </element>
    <element>
      <path value="DataElement.version"/>
      <definition>
        <short value="Logical id for this version of the data element"/>
        <formal value="The identifier that is used to identify this version of the data element when it is referenced in a Profile, Questionnaire or instance. This is an arbitrary value managed by the definition author manually."/>
        <comments value="N/A."/>
        <min value="0"/>
        <max value="1"/>
        <type>
          <code value="string"/>
        </type>
        <isModifier value="false"/>
        <mapping>
          <identity value="rim"/>
          <map value="./id[use=VER]"/>
        </mapping>
        <mapping>
          <identity value="v2"/>
          <map value="N/A"/>
        </mapping>
      </definition>
    </element>
    <element>
      <path value="DataElement.publisher"/>
      <definition>
        <short value="Name of the publisher (Organization or individual)"/>
        <formal value="Details of the individual or organization who accepts responsibility for publishing the data element."/>
        <comments value="Usually an organization, but may be an individual. This item SHOULD be populated unless the information is available from context."/>
        <min value="0"/>
        <max value="1"/>
        <type>
          <code value="string"/>
        </type>
        <isModifier value="false"/>
        <mapping>
          <identity value="rim"/>
          <map value="./participation[typeCode=AUT]/role[classCode=ASSIGN]/scoper[classCode=ORG,determinerCode=INSTANCE]/name"/>
        </mapping>
        <mapping>
          <identity value="v2"/>
          <map value="OM1.16"/>
        </mapping>
      </definition>
    </element>
    <element>
      <path value="DataElement.telecom"/>
      <definition>
        <short value="Contact information of the publisher"/>
        <formal value="Contact details to assist a user in finding and communicating with the publisher."/>
        <comments value="May be a web site, an email address, a telephone number (tel:), etc."/>
        <min value="0"/>
        <max value="*"/>
        <type>
          <code value="Contact"/>
        </type>
        <isModifier value="false"/>
        <mapping>
          <identity value="rim"/>
          <map value="./participation[typeCode=AUT]/role[classCode=ASSIGN]/scoper[classCode=ORG,determinerCode=INSTANCE]/telecom"/>
        </mapping>
        <mapping>
          <identity value="v2"/>
          <map value="OM1.17"/>
        </mapping>
      </definition>
    </element>
    <element>
      <path value="DataElement.status"/>
      <definition>
        <short value="draft | active | retired"/>
        <formal value="The status of the data element."/>
        <min value="1"/>
        <max value="1"/>
        <type>
          <code value="code"/>
        </type>
        <isModifier value="true"/>
        <binding>
          <name value="ResourceDataElementStatus"/>
          <isExtensible value="false"/>
          <conformance value="required"/>
          <description value="The lifecycle status of a Resource data element"/>
          <referenceResource>
            <reference value="http://hl7.org/fhir/vs/resource-observation-def-status"/>
          </referenceResource>
        </binding>
        <mapping>
          <identity value="rim"/>
          <map value="./status
(draft = new
 active = active
 retired = aborted)"/>
        </mapping>
      </definition>
    </element>
    <element>
      <path value="DataElement.date"/>
      <definition>
        <short value="Date for this version of the data element"/>
        <formal value="The date that this version of the data element was published."/>
        <min value="0"/>
        <max value="1"/>
        <type>
          <code value="dateTime"/>
        </type>
        <isModifier value="false"/>
        <mapping>
          <identity value="rim"/>
          <map value="./participation[typeCode=AUT]/time"/>
        </mapping>
        <mapping>
          <identity value="v2"/>
          <map value="OM1.21"/>
        </mapping>
      </definition>
    </element>
    <element>
      <path value="DataElement.name"/>
      <definition>
        <short value="Descriptive label for this element definition"/>
        <formal value="The term used by humans to refer to the data element.  Should ideally be unique within the context in which the data element is expected to be used."/>
        <min value="0"/>
        <max value="1"/>
        <type>
          <code value="string"/>
        </type>
        <isModifier value="false"/>
        <mapping>
          <identity value="rim"/>
          <map value="./title"/>
        </mapping>
        <mapping>
          <identity value="v2"/>
          <map value="OM1.11"/>
        </mapping>
      </definition>
    </element>
    <element>
      <path value="DataElement.category"/>
      <definition>
        <short value="Assist with indexing and finding"/>
        <formal value="A set of terms from external terminologies that may be used to assist with indexing and searching of data element definitions."/>
        <min value="0"/>
        <max value="*"/>
        <type>
          <code value="CodeableConcept"/>
        </type>
        <isModifier value="false"/>
        <mapping>
          <identity value="rim"/>
          <map value="./inboundRelationship[typeCode=SUBJ]/source[classCode=LIST, moodCode=EVN]/code"/>
        </mapping>
        <mapping>
          <identity value="v2"/>
          <map value="OM1.18, OM1.42, OM1.46, OM7.3"/>
        </mapping>
      </definition>
    </element>
    <element>
      <path value="DataElement.code"/>
      <definition>
        <short value="Identifying concept"/>
        <formal value="A code assigned to the data element within a particular terminology."/>
        <min value="0"/>
        <max value="*"/>
        <type>
          <code value="Coding"/>
        </type>
        <isModifier value="false"/>
        <mapping>
          <identity value="rim"/>
          <map value="./code (root or translation)"/>
        </mapping>
        <mapping>
          <identity value="v2"/>
          <map value="OM1.7"/>
        </mapping>
      </definition>
    </element>
    <element>
      <path value="DataElement.question"/>
      <definition>
        <short value="How to ask for element"/>
        <formal value="The default/suggested phrasing to use when prompting a human to capture the data element."/>
        <min value="0"/>
        <max value="1"/>
        <type>
          <code value="string"/>
        </type>
        <isModifier value="false"/>
        <mapping>
          <identity value="rim"/>
          <map value="./code/originalText"/>
        </mapping>
      </definition>
    </element>
    <element>
      <path value="DataElement.definition"/>
      <definition>
        <short value="Full formal definition in human language"/>
        <formal value="Provides a complete explanation of the meaning of the data element for human readability."/>
        <min value="0"/>
        <max value="1"/>
        <type>
          <code value="string"/>
        </type>
        <isModifier value="false"/>
        <mapping>
          <identity value="rim"/>
          <map value="./text"/>
        </mapping>
        <mapping>
          <identity value="v2"/>
          <map value="OM1.6"/>
        </mapping>
      </definition>
    </element>
    <element>
      <path value="DataElement.comments"/>
      <definition>
        <short value="Comments about the use of this element"/>
        <formal value="Comments about the use of the element, including notes about how to use the data properly, exceptions to proper use, etc."/>
        <comments value="If it is possible to capture usage rules using invariants, that mechanism should be used in preference to this element."/>
        <min value="0"/>
        <max value="1"/>
        <type>
          <code value="string"/>
        </type>
        <isModifier value="false"/>
        <mapping>
          <identity value="rim"/>
          <map value="./inboundRelationship[typeCode=SUBJ]/source[classCode=LIST, moodCode=EVN]/code"/>
        </mapping>
        <mapping>
          <identity value="v2"/>
          <map value="NTE"/>
        </mapping>
      </definition>
    </element>
    <element>
      <path value="DataElement.requirements"/>
      <definition>
        <short value="Why is this needed?"/>
        <formal value="Explains why this element is needed and why it&#39;s been constrained as it has."/>
        <min value="0"/>
        <max value="1"/>
        <type>
          <code value="string"/>
        </type>
        <isModifier value="false"/>
        <mapping>
          <identity value="rim"/>
          <map value="./inboundRelationship[typeCode=META]/source[classCode=ACT, moodCode=EVN, isCriterionInd=true]/reasonCode/originalText"/>
        </mapping>
      </definition>
    </element>
    <element>
      <path value="DataElement.synonym"/>
      <definition>
        <short value="Other names"/>
        <formal value="Identifies additional names by which this element might also be known."/>
        <min value="0"/>
        <max value="*"/>
        <type>
          <code value="string"/>
        </type>
        <isModifier value="false"/>
        <mapping>
          <identity value="rim"/>
          <map value="Not currently expressible"/>
        </mapping>
        <mapping>
          <identity value="v2"/>
          <map value="OM1.8"/>
        </mapping>
      </definition>
    </element>
    <element>
      <path value="DataElement.type"/>
      <definition>
        <short value="Name of Data type"/>
        <formal value="The FHIR data type that is the type for this element."/>
        <min value="1"/>
        <max value="1"/>
        <type>
          <code value="code"/>
        </type>
        <isModifier value="false"/>
        <binding>
          <name value="DataType"/>
          <isExtensible value="false"/>
          <conformance value="required"/>
          <description value="The type of an element - one of the FHIR data types"/>
          <referenceResource>
            <reference value="http://hl7.org/fhir/vs/data-types"/>
          </referenceResource>
        </binding>
        <mapping>
          <identity value="rim"/>
          <map value="N/A (MIF territory)"/>
        </mapping>
        <mapping>
          <identity value="v2"/>
          <map value="OM1.3"/>
        </mapping>
      </definition>
    </element>
    <element>
      <path value="DataElement.example[x]"/>
      <definition>
        <short value="Example value: [as defined for type]"/>
        <formal value="An example value for this element."/>
        <min value="0"/>
        <max value="1"/>
        <type>
          <code value="*"/>
        </type>
        <isModifier value="false"/>
        <mapping>
          <identity value="rim"/>
          <map value="N/A (MIF territory)"/>
        </mapping>
      </definition>
    </element>
    <element>
      <path value="DataElement.maxLength"/>
      <definition>
        <short value="Length for strings"/>
        <formal value="Indicates the shortest length that SHALL be supported by conformant instances without truncation."/>
        <comments value="If not specified, there is no conformance expectation for length support."/>
        <min value="0"/>
        <max value="1"/>
        <type>
          <code value="integer"/>
        </type>
        <isModifier value="false"/>
        <mapping>
          <identity value="rim"/>
          <map value="N/A (MIF territory)"/>
        </mapping>
      </definition>
    </element>
    <element>
      <path value="DataElement.units"/>
      <definition>
        <short value="Units to use for measured value"/>
        <formal value="Identifies the units of measure in which the data element should be captured or expressed."/>
        <min value="0"/>
        <max value="1"/>
        <type>
          <code value="CodeableConcept"/>
        </type>
        <isModifier value="false"/>
        <binding>
          <name value="Units"/>
          <isExtensible value="true"/>
          <conformance value="preferred"/>
          <description value="Type of measurement system used to express a value"/>
          <referenceResource>
            <reference value="http://hl7.org/fhir/vs/units"/>
          </referenceResource>
        </binding>
        <mapping>
          <identity value="rim"/>
          <map value="N/A (MIF territory)"/>
        </mapping>
        <mapping>
          <identity value="v2"/>
          <map value="OM2.2"/>
        </mapping>
      </definition>
    </element>
    <element>
      <path value="DataElement.binding"/>
      <definition>
        <short value="ValueSet details if this is coded"/>
        <formal value="Binds to a value set if this element is coded (code, Coding, CodeableConcept)."/>
        <min value="0"/>
        <max value="1"/>
        <constraint>
          <key value="3"/>
          <severity value="error"/>
          <human value="provide either a valueSet or a description (or both)"/>
          <xpath value="(exists(f:valueSet)) or exists(f:description)"/>
        </constraint>
        <constraint>
          <key value="14"/>
          <severity value="error"/>
          <human value="Example value sets are always extensible"/>
          <xpath value="not(f:conformance/value=&#39;example&#39; and f:isExtensible.value=&#39;false&#39;)"/>
        </constraint>
        <isModifier value="false"/>
        <mapping>
          <identity value="rim"/>
          <map value="N/A (MIF territory)"/>
        </mapping>
        <mapping>
          <identity value="v2"/>
          <map value="OM3"/>
        </mapping>
      </definition>
    </element>
    <element>
      <path value="DataElement.binding.extension"/>
      <definition>
        <short value="Additional Content defined by implementations"/>
        <formal value="May be used to represent additional information that is not part of the basic definition of the resource. In order to make the use of extensions safe and manageable, there is a strict governance applied to the definition and use of extensions. Though any implementer is allowed to define an extension, there is a set of requirements that SHALL be met as part of the definition of the extension."/>
        <comments value="there can be no stigma associated with the use of extensions by any application, project, or standard - regardless of the institution or jurisdiction that uses or defines the extensions.  The use of extensions is what allows the FHIR specification to retain a core simplicity for everyone."/>
        <synonym value="extensions"/>
        <synonym value="user content"/>
        <min value="0"/>
        <max value="*"/>
        <type>
          <code value="Extension"/>
        </type>
        <isModifier value="false"/>
      </definition>
    </element>
    <element>
      <path value="DataElement.binding.modifierExtension"/>
      <definition>
        <short value="Extensions that cannot be ignored"/>
        <formal value="May be used to represent additional information that is not part of the basic definition of the resource, and that modifies the understanding of the element that contains it. Usually modifier elements provide negation or qualification. In order to make the use of extensions safe and manageable, there is a strict governance applied to the definition and use of extensions. Though any implementer is allowed to define an extension, there is a set of requirements that SHALL be met as part of the definition of the extension. Applications processing a resource are required to check for modifier extensions."/>
        <comments value="there can be no stigma associated with the use of extensions by any application, project, or standard - regardless of the institution or jurisdiction that uses or defines the extensions.  The use of extensions is what allows the FHIR specification to retain a core simplicity for everyone."/>
        <synonym value="extensions"/>
        <synonym value="user content"/>
        <min value="0"/>
        <max value="*"/>
        <type>
          <code value="Extension"/>
        </type>
        <isModifier value="false"/>
      </definition>
    </element>
    <element>
      <path value="DataElement.binding.isExtensible"/>
      <definition>
        <short value="Can additional codes be used?"/>
        <formal value="If true, then conformant systems may use additional codes or (where the data type permits) text alone to convey concepts not covered by the set of codes identified in the binding.  If false, then conformant systems are constrained to the provided codes alone."/>
        <comments value="When the binding use used for elements with a type of &quot;code&quot; (rather than Coding or CodableConcept), the binding is treated as non-extensible regardless of the value of this property."/>
        <min value="1"/>
        <max value="1"/>
        <type>
          <code value="boolean"/>
        </type>
        <isModifier value="false"/>
        <mapping>
          <identity value="rim"/>
          <map value="N/A (MIF territory)"/>
        </mapping>
      </definition>
    </element>
    <element>
      <path value="DataElement.binding.conformance"/>
      <definition>
        <short value="required | preferred | example"/>
        <formal value="Indicates the degree of conformance expectations associated with this binding."/>
        <min value="0"/>
        <max value="1"/>
        <type>
          <code value="code"/>
        </type>
        <isModifier value="false"/>
        <binding>
          <name value="BindingConformance"/>
          <isExtensible value="false"/>
          <conformance value="required"/>
          <description value="Binding conformance for applications"/>
          <referenceResource>
            <reference value="http://hl7.org/fhir/vs/binding-conformance"/>
          </referenceResource>
        </binding>
        <mapping>
          <identity value="rim"/>
          <map value="N/A (MIF territory)"/>
        </mapping>
      </definition>
    </element>
    <element>
      <path value="DataElement.binding.description"/>
      <definition>
        <short value="Human explanation of the value set"/>
        <formal value="Describes the intended use of this particular set of codes."/>
        <min value="0"/>
        <max value="1"/>
        <type>
          <code value="string"/>
        </type>
        <isModifier value="false"/>
        <mapping>
          <identity value="rim"/>
          <map value="N/A (MIF territory)"/>
        </mapping>
      </definition>
    </element>
    <element>
      <path value="DataElement.binding.valueSet"/>
      <definition>
        <short value="Source of value set"/>
        <formal value="Points to the value set that identifies the set of codes to be used."/>
        <comments value="The display can contain the value set description.  The reference may be version-specific or not."/>
        <min value="0"/>
        <max value="1"/>
        <type>
          <code value="ResourceReference"/>
          <profile value="http://hl7.org/fhir/profiles/ValueSet"/>
        </type>
        <isModifier value="false"/>
        <mapping>
          <identity value="rim"/>
          <map value="N/A (MIF territory)"/>
        </mapping>
      </definition>
    </element>
    <element>
      <path value="DataElement.mapping"/>
      <definition>
        <short value="Map element to another set of definitions"/>
        <formal value="Identifies a concept from an external specification that roughly corresponds to this element."/>
        <comments value="Mappings are not necessarily specific enough for safe translation."/>
        <min value="0"/>
        <max value="*"/>
        <constraint>
          <key value="26"/>
          <severity value="error"/>
          <human value="Must have at a name or a uri (or both)"/>
          <xpath value="exists(f:uri) or exists(f:name)"/>
        </constraint>
        <isModifier value="false"/>
        <mapping>
          <identity value="rim"/>
          <map value="N/A (MIF territory)"/>
        </mapping>
      </definition>
    </element>
    <element>
      <path value="DataElement.mapping.extension"/>
      <definition>
        <short value="Additional Content defined by implementations"/>
        <formal value="May be used to represent additional information that is not part of the basic definition of the resource. In order to make the use of extensions safe and manageable, there is a strict governance applied to the definition and use of extensions. Though any implementer is allowed to define an extension, there is a set of requirements that SHALL be met as part of the definition of the extension."/>
        <comments value="there can be no stigma associated with the use of extensions by any application, project, or standard - regardless of the institution or jurisdiction that uses or defines the extensions.  The use of extensions is what allows the FHIR specification to retain a core simplicity for everyone."/>
        <synonym value="extensions"/>
        <synonym value="user content"/>
        <min value="0"/>
        <max value="*"/>
        <type>
          <code value="Extension"/>
        </type>
        <isModifier value="false"/>
      </definition>
    </element>
    <element>
      <path value="DataElement.mapping.modifierExtension"/>
      <definition>
        <short value="Extensions that cannot be ignored"/>
        <formal value="May be used to represent additional information that is not part of the basic definition of the resource, and that modifies the understanding of the element that contains it. Usually modifier elements provide negation or qualification. In order to make the use of extensions safe and manageable, there is a strict governance applied to the definition and use of extensions. Though any implementer is allowed to define an extension, there is a set of requirements that SHALL be met as part of the definition of the extension. Applications processing a resource are required to check for modifier extensions."/>
        <comments value="there can be no stigma associated with the use of extensions by any application, project, or standard - regardless of the institution or jurisdiction that uses or defines the extensions.  The use of extensions is what allows the FHIR specification to retain a core simplicity for everyone."/>
        <synonym value="extensions"/>
        <synonym value="user content"/>
        <min value="0"/>
        <max value="*"/>
        <type>
          <code value="Extension"/>
        </type>
        <isModifier value="false"/>
      </definition>
    </element>
    <element>
      <path value="DataElement.mapping.uri"/>
      <definition>
        <short value="Identifies what this mapping refers to"/>
        <formal value="A URI that identifies the specification that this mapping is expressed to."/>
        <comments value="A formal identity for the specification being mapped to helps with identifying maps consistently."/>
        <min value="0"/>
        <max value="1"/>
        <type>
          <code value="uri"/>
        </type>
        <isModifier value="false"/>
        <mapping>
          <identity value="rim"/>
          <map value="N/A (MIF territory)"/>
        </mapping>
      </definition>
    </element>
    <element>
      <path value="DataElement.mapping.name"/>
      <definition>
        <short value="Names what this mapping refers to"/>
        <formal value="A name for the specification that is being mapped to."/>
        <min value="0"/>
        <max value="1"/>
        <type>
          <code value="string"/>
        </type>
        <isModifier value="false"/>
        <mapping>
          <identity value="rim"/>
          <map value="N/A (MIF territory)"/>
        </mapping>
      </definition>
    </element>
    <element>
      <path value="DataElement.mapping.comments"/>
      <definition>
        <short value="Versions, Issues, Scope limitations etc"/>
        <formal value="Comments about this mapping, including version notes, issues, scope limitations, and other important notes for usage."/>
        <min value="0"/>
        <max value="1"/>
        <type>
          <code value="string"/>
        </type>
        <isModifier value="false"/>
        <mapping>
          <identity value="rim"/>
          <map value="N/A (MIF territory)"/>
        </mapping>
      </definition>
    </element>
    <element>
      <path value="DataElement.mapping.map"/>
      <definition>
        <short value="Details of the mapping"/>
        <formal value="Expresses what part of the target specification corresponds to this element."/>
        <comments value="For most mappings, the syntax is undefined.  Syntax will be provided for mappings to the RIM.  Multiple mappings may be possible and may include constraints on other resource elements that identify when a particular mapping applies."/>
        <min value="1"/>
        <max value="1"/>
        <type>
          <code value="string"/>
        </type>
        <isModifier value="false"/>
        <mapping>
          <identity value="rim"/>
          <map value="N/A (MIF territory)"/>
        </mapping>
      </definition>
    </element>
    <searchParam>
      <name value="_id"/>
      <type value="token"/>
      <documentation value="The logical resource id associated with the resource (must be supported by all servers)"/>
    </searchParam>
    <searchParam>
      <name value="_language"/>
      <type value="token"/>
      <documentation value="The stated language of the resource"/>
    </searchParam>
    <searchParam>
      <name value="category"/>
      <type value="token"/>
      <documentation value="A category assigned to the data element (server may choose to do subsumption)"/>
      <xpath value="f:DataElement/f:category"/>
    </searchParam>
    <searchParam>
      <name value="code"/>
      <type value="token"/>
      <documentation value="A code for the data element (server may choose to do subsumption)"/>
      <xpath value="f:DataElement/f:code"/>
    </searchParam>
    <searchParam>
      <name value="date"/>
      <type value="date"/>
      <documentation value="The data element publication date"/>
      <xpath value="f:DataElement/f:date"/>
    </searchParam>
    <searchParam>
      <name value="description"/>
      <type value="string"/>
      <documentation value="Text search in the description of the data element"/>
      <xpath value="f:DataElement/f:definition"/>
    </searchParam>
    <searchParam>
      <name value="identifier"/>
      <type value="token"/>
      <documentation value="The identifier of the data element"/>
      <xpath value="f:DataElement/f:identifier"/>
    </searchParam>
    <searchParam>
      <name value="name"/>
      <type value="string"/>
      <documentation value="Name of the data element"/>
      <xpath value="f:DataElement/f:name"/>
    </searchParam>
    <searchParam>
      <name value="publisher"/>
      <type value="string"/>
      <documentation value="Name of the publisher of the data element"/>
      <xpath value="f:DataElement/f:publisher"/>
    </searchParam>
    <searchParam>
      <name value="status"/>
      <type value="token"/>
      <documentation value="The current status of the data element"/>
      <xpath value="f:DataElement/f:status"/>
    </searchParam>
    <searchParam>
      <name value="version"/>
      <type value="token"/>
      <documentation value="The version identifier of the data element"/>
      <xpath value="f:DataElement/f:version"/>
    </searchParam>
  </structure>
</Profile>