<?xml version="1.0" encoding="UTF-8"?>

<Profile xmlns="http://hl7.org/fhir">
  <text>
    <status value="generated"/><div xmlns="http://www.w3.org/1999/xhtml"><pre> <span style="float: right"><a title="Documentation for this format" href="formats.html"><img alt="doco" src="help.png"/></a></span>
<span style=" color: Gray">&lt;!-- <span style="color: Darkviolet">Extensions</span> --&gt;</span>
&lt;<span title="The Data Element instance that defines the Concept_Element that defines the conceptual space realized by this Data_Element."><b>extension</b></span>&gt;<a name="meaning"> </a>&lt;!--  <span style="color: brown"><b>0..1</b></span> <span style="color: navy">Context: Resource = DataElement</span> --&gt;
 &lt;<b>url</b> value=&quot;<span style="color: maroon">http://hl7.org/fhir/Profile/dataelement-11179#meaning</span>&quot;/&gt;
 &lt;<span title="The Data Element instance that defines the Concept_Element that defines the conceptual space realized by this Data_Element."><b>valueResourceReference</b></span>&gt;<span style=" color: Gray">&lt;!-- </span> <span style="color: brown;"><b>0..1</b></span>  <span style="color: darkgreen"><a href="http://hl7.org/fhir/references.html#Resource">Resource</a>(<a href="http://hl7.org/fhir/dataelement.html#DataElement">DataElement</a>)</span> <span style="color: navy">Concept element</span> <span style=" color: Gray">--&gt; </span>&lt;/valueResourceReference&gt;
&lt;/extension&gt;

&lt;<span title="A concept that represents a set of ideas, abstractions, or things in the real world that can be identified with explicit boundaries and meaning and whose properties and behavior follow the same rules. It may be either a single or a group of associated concepts, abstractions, or things."><b>extension</b></span>&gt;<a name="objectClass"> </a>&lt;!--  <span style="color: brown"><b>0..1</b></span> <span style="color: navy">Context: Resource = DataElement</span> --&gt;
 &lt;<b>url</b> value=&quot;<span style="color: maroon">http://hl7.org/fhir/Profile/dataelement-11179#objectClass</span>&quot;/&gt;
 &lt;<span title="A concept that represents a set of ideas, abstractions, or things in the real world that can be identified with explicit boundaries and meaning and whose properties and behavior follow the same rules. It may be either a single or a group of associated concepts, abstractions, or things."><b>valueCoding</b></span>&gt;<span style=" color: Gray">&lt;!-- </span> <span style="color: brown;"><b>0..1</b></span>  <span style="color: darkgreen"><a href="http://hl7.org/fhir/datatypes.html#Coding">Coding</a></span> <span style="color: navy">Object Class</span> <span style=" color: Gray">--&gt; </span>&lt;/valueCoding&gt;
&lt;/extension&gt;

&lt;<span title="A quality common to all members of an object class. A property may be any feature that humans naturally use to distinguish one individual object from another. It is the human perception of a single quality of an object class in the real world.  It is conceptual and thus has no particular associated means of representation by which the property can be communicated."><b>extension</b></span>&gt;<a name="property"> </a>&lt;!--  <span style="color: brown"><b>0..1</b></span> <span style="color: navy">Context: Resource = DataElement</span> --&gt;
 &lt;<b>url</b> value=&quot;<span style="color: maroon">http://hl7.org/fhir/Profile/dataelement-11179#property</span>&quot;/&gt;
 &lt;<span title="A quality common to all members of an object class. A property may be any feature that humans naturally use to distinguish one individual object from another. It is the human perception of a single quality of an object class in the real world.  It is conceptual and thus has no particular associated means of representation by which the property can be communicated."><b>valueCoding</b></span>&gt;<span style=" color: Gray">&lt;!-- </span> <span style="color: brown;"><b>0..1</b></span>  <span style="color: darkgreen"><a href="http://hl7.org/fhir/datatypes.html#Coding">Coding</a></span> <span style="color: navy">Object Class Property</span> <span style=" color: Gray">--&gt; </span>&lt;/valueCoding&gt;
&lt;/extension&gt;

</pre></div>
  </text>
  <identifier value="http://hl7.org/fhir/profile/ISO 11179 Data Element Profile"/>
  <name value="ISO 11179 Data Element Profile"/>
  <publisher value="Health Level Seven"/>
  <telecom>
    <system value="url"/>
    <value value="http://hl7.org"/>
  </telecom>
  <description value="A profile showing how to use DataElement to express 11179 Data_Element and Concept_Elements.  At present, the profile is a partially-complete place-holder"/>
  <status value="draft"/>
  <date value="2014-04-21"/>
  <mapping>
    <identity value="rim"/>
    <uri value="http://hl7.org/v3"/>
    <name value="RIM"/>
  </mapping>
  <mapping>
    <identity value="v2"/>
    <uri value="http://hl7.org/v2"/>
    <name value="HL7 v2"/>
  </mapping>
  <extensionDefn>
    <code value="meaning"/>
    <display value="Concept element"/>
    <contextType value="resource"/>
    <context value="DataElement"/>
    <definition>
      <short value="Concept element"/>
      <formal value="The Data Element instance that defines the Concept_Element that defines the conceptual space realized by this Data_Element."/>
      <min value="0"/>
      <max value="1"/>
      <type>
        <code value="Resource(DataElement)"/>
      </type>
      <mustSupport value="false"/>
      <isModifier value="false"/>
      <mapping>
        <identity value="rim"/>
        <map value="N/A"/>
      </mapping>
      <mapping>
        <identity value="v2"/>
        <map value="N/A"/>
      </mapping>
    </definition>
  </extensionDefn>
  <extensionDefn>
    <code value="objectClass"/>
    <display value="Object Class"/>
    <contextType value="resource"/>
    <context value="DataElement"/>
    <definition>
      <short value="Object Class"/>
      <formal value="A concept that represents a set of ideas, abstractions, or things in the real world that can be identified with explicit boundaries and meaning and whose properties and behavior follow the same rules. It may be either a single or a group of associated concepts, abstractions, or things."/>
      <min value="0"/>
      <max value="1"/>
      <type>
        <code value="Coding"/>
      </type>
      <mustSupport value="false"/>
      <isModifier value="false"/>
      <binding>
        <name value="11179ObjectClass"/>
        <isExtensible value="true"/>
        <description value="A concept that represents a set of ideas, abstractions, or things in the real world that can be identified with explicit boundaries and meaning and whose properties and behavior follow the same rules.  E.g. Person, Prescription, Encounter, etc."/>
      </binding>
    </definition>
  </extensionDefn>
  <extensionDefn>
    <code value="property"/>
    <display value="Object Class Property"/>
    <contextType value="resource"/>
    <context value="DataElement"/>
    <definition>
      <short value="Object Class Property"/>
      <formal value="A quality common to all members of an object class. A property may be any feature that humans naturally use to distinguish one individual object from another. It is the human perception of a single quality of an object class in the real world.  It is conceptual and thus has no particular associated means of representation by which the property can be communicated."/>
      <min value="0"/>
      <max value="1"/>
      <type>
        <code value="Coding"/>
      </type>
      <mustSupport value="false"/>
      <isModifier value="false"/>
      <binding>
        <name value="11179ObjectClassProperty"/>
        <isExtensible value="true"/>
        <description value="A quality common to all members of an object class. A property may be any feature that humans naturally use to distinguish one individual object from another. It is the human perception of a single quality of an object class in the real world.  E.g. name, identifier, gender, creationDate"/>
      </binding>
    </definition>
  </extensionDefn>
</Profile>