<?xml version="1.0" encoding="UTF-8"?>

<Profile xmlns="http://hl7.org/fhir">
  <text>
    <status value="generated"/><div xmlns="http://www.w3.org/1999/xhtml"><pre> <span style="float: right"><a title="Documentation for this format" href="formats.html"><img alt="doco" src="help.png"/></a></span>
<span style=" color: Gray">&lt;!-- <span style="color: Darkviolet">Extensions</span> --&gt;</span>
&lt;<span title="The minimum number of characters that must be present in the simple data type to be considered a &quot;valid&quot; instance."><b>extension</b></span>&gt;<a name="minLength"> </a>&lt;!--  <span style="color: brown"><b>0..1</b></span> <span style="color: navy">Context: Resource = CommonDataElement;Questionnaire.group.question;Profile.structure.element.definition</span> --&gt;
 &lt;<b>url</b> value=&quot;<span style="color: maroon">http://hl7.org/fhir/Profile/element-constraints#minLength</span>&quot;/&gt;
 &lt;<span title="The minimum number of characters that must be present in the simple data type to be considered a &quot;valid&quot; instance."><b>valueInteger</b></span> value=&quot;[<span style="color: darkgreen"><a href="http://hl7.org/fhir/datatypes.html#integer">integer</a></span>]&quot;/&gt;<span style=" color: Gray">&lt;!-- </span><span style="color: navy">At least this many characters</span><span style=" color: Gray"> --&gt;</span>
&lt;/extension&gt;

&lt;<span title="The maximum number of characters that must be present in the simple data type to be considered a &quot;valid&quot; instance."><b>extension</b></span>&gt;<a name="maxLength"> </a>&lt;!--  <span style="color: brown"><b>0..1</b></span> <span style="color: navy">Context: Resource = CommonDataElement;Questionnaire.group.question</span> --&gt;
 &lt;<b>url</b> value=&quot;<span style="color: maroon">http://hl7.org/fhir/Profile/element-constraints#maxLength</span>&quot;/&gt;
 &lt;<span title="The maximum number of characters that must be present in the simple data type to be considered a &quot;valid&quot; instance."><b>valueInteger</b></span> value=&quot;[<span style="color: darkgreen"><a href="http://hl7.org/fhir/datatypes.html#integer">integer</a></span>]&quot;/&gt;<span style=" color: Gray">&lt;!-- </span><span style="color: navy">No more than this many characters</span><span style=" color: Gray"> --&gt;</span>
&lt;/extension&gt;

&lt;<span title="A regular expression that defines the syntax for the data element to be considered valid."><b>extension</b></span>&gt;<a name="regex"> </a>&lt;!--  <span style="color: brown"><b>0..1</b></span> <span style="color: navy">Context: Resource = CommonDataElement;Questionnaire.group.question;Profile.structure.element.definition</span> --&gt;
 &lt;<b>url</b> value=&quot;<span style="color: maroon">http://hl7.org/fhir/Profile/element-constraints#regex</span>&quot;/&gt;
 &lt;<span title="A regular expression that defines the syntax for the data element to be considered valid."><b>valueString</b></span> value=&quot;[<span style="color: darkgreen"><a href="http://hl7.org/fhir/datatypes.html#string">string</a></span>]&quot;/&gt;<span style=" color: Gray">&lt;!-- </span><span style="color: navy">Regular expression pattern</span><span style=" color: Gray"> --&gt;</span>
&lt;/extension&gt;

&lt;<span title="A syntax intended for display to the user to guide their input (i.e. a human readable version of a rgular expression).  For example &quot;nnn-nnn-nnn&quot;."><b>extension</b></span>&gt;<a name="entryFormat"> </a>&lt;!--  <span style="color: brown"><b>0..1</b></span> <span style="color: navy">Context: Resource = CommonDataElement;Questionnaire.group.question;Profile.structure.element.definition</span> --&gt;
 &lt;<b>url</b> value=&quot;<span style="color: maroon">http://hl7.org/fhir/Profile/element-constraints#entryFormat</span>&quot;/&gt;
 &lt;<span title="A syntax intended for display to the user to guide their input (i.e. a human readable version of a rgular expression).  For example &quot;nnn-nnn-nnn&quot;."><b>valueString</b></span> value=&quot;[<span style="color: darkgreen"><a href="http://hl7.org/fhir/datatypes.html#string">string</a></span>]&quot;/&gt;<span style=" color: Gray">&lt;!-- </span><span style="color: navy">User prompt for format</span><span style=" color: Gray"> --&gt;</span>
&lt;/extension&gt;

&lt;<span title="The inclusive lower bound on the range of allowed values for the data element."><b>extension</b></span>&gt;<a name="minValue"> </a>&lt;!--  <span style="color: brown"><b>0..1</b></span> <span style="color: navy">Context: Resource = CommonDataElement;Questionnaire.group.question;Profile.structure.element.definition</span> --&gt;
 &lt;<b>url</b> value=&quot;<span style="color: maroon">http://hl7.org/fhir/Profile/element-constraints#minValue</span>&quot;/&gt;
 &lt;<span title="The inclusive lower bound on the range of allowed values for the data element."><b>value[x]</b></span>&gt;[todo: type and short defn]&lt;/value[x]&gt;
&lt;/extension&gt;

&lt;<span title="The inclusive upper bound on the range of allowed values for the data element."><b>extension</b></span>&gt;<a name="maxValue"> </a>&lt;!--  <span style="color: brown"><b>0..1</b></span> <span style="color: navy">Context: Resource = CommonDataElement;Questionnaire.group.question;Profile.structure.element.definition</span> --&gt;
 &lt;<b>url</b> value=&quot;<span style="color: maroon">http://hl7.org/fhir/Profile/element-constraints#maxValue</span>&quot;/&gt;
 &lt;<span title="The inclusive upper bound on the range of allowed values for the data element."><b>value[x]</b></span>&gt;[todo: type and short defn]&lt;/value[x]&gt;
&lt;/extension&gt;

&lt;<span title="Identifies the maximum number of decimal places that may be specified for the data element."><b>extension</b></span>&gt;<a name="maxDecimalPlaces"> </a>&lt;!--  <span style="color: brown"><b>0..1</b></span> <span style="color: navy">Context: Resource = CommonDataElement;Questionnaire.group.question;Profile.structure.element.definition</span> --&gt;
 &lt;<b>url</b> value=&quot;<span style="color: maroon">http://hl7.org/fhir/Profile/element-constraints#maxDecimalPlaces</span>&quot;/&gt;
 &lt;<span title="Identifies the maximum number of decimal places that may be specified for the data element."><b>valueInteger</b></span> value=&quot;[<span style="color: darkgreen"><a href="http://hl7.org/fhir/datatypes.html#integer">integer</a></span>]&quot;/&gt;<span style=" color: Gray">&lt;!-- </span><span style="color: navy">Maximum digits after decimal</span><span style=" color: Gray"> --&gt;</span>
&lt;/extension&gt;

</pre></div>
  </text>
  <identifier value="http://hl7.org/fhir/profile/Element-definition Extensions for use by FHIR Implementers"/>
  <name value="Element-definition Extensions for use by FHIR Implementers"/>
  <publisher value="HL7 FHIR project"/>
  <telecom>
    <system value="url"/>
    <value value="http://hl7.org/fhir"/>
  </telecom>
  <description value="A set of extensions that constrain data elements, whether used in CommonDataElements, Profiles or Questionnaires"/>
  <status value="draft"/>
  <date value="2014-04-27"/>
  <mapping>
    <identity value="rim"/>
    <uri value="http://hl7.org/v3"/>
    <name value="RIM"/>
  </mapping>
  <mapping>
    <identity value="v2"/>
    <uri value="http://hl7.org/v2"/>
    <name value="HL7 v2"/>
  </mapping>
  <extensionDefn>
    <code value="minLength"/>
    <display value="At least this many characters"/>
    <contextType value="resource"/>
    <context value="CommonDataElement;Questionnaire.group.question;Profile.structure.element.definition"/>
    <definition>
      <short value="At least this many characters"/>
      <formal value="The minimum number of characters that must be present in the simple data type to be considered a &quot;valid&quot; instance."/>
      <comments value="For base64binary, reflects the number of characters representing the encoded data, not the number of bytes of the binary data."/>
      <min value="0"/>
      <max value="1"/>
      <type>
        <code value="integer"/>
      </type>
      <mustSupport value="false"/>
      <isModifier value="false"/>
      <mapping>
        <identity value="rim"/>
        <map value="N/A (MIF-level)"/>
      </mapping>
      <mapping>
        <identity value="v2"/>
        <map value="N/A"/>
      </mapping>
    </definition>
  </extensionDefn>
  <extensionDefn>
    <code value="maxLength"/>
    <display value="No more than this many characters"/>
    <contextType value="resource"/>
    <context value="CommonDataElement;Questionnaire.group.question"/>
    <definition>
      <short value="No more than this many characters"/>
      <formal value="The maximum number of characters that must be present in the simple data type to be considered a &quot;valid&quot; instance."/>
      <comments value="For base64binary, reflects the number of characters representing the encoded data, not the number of bytes of the binary data."/>
      <min value="0"/>
      <max value="1"/>
      <type>
        <code value="integer"/>
      </type>
      <mustSupport value="false"/>
      <isModifier value="false"/>
      <mapping>
        <identity value="rim"/>
        <map value="N/A (MIF-level)"/>
      </mapping>
      <mapping>
        <identity value="v2"/>
        <map value="N/A"/>
      </mapping>
    </definition>
  </extensionDefn>
  <extensionDefn>
    <code value="regex"/>
    <display value="Regular expression pattern"/>
    <contextType value="resource"/>
    <context value="CommonDataElement;Questionnaire.group.question;Profile.structure.element.definition"/>
    <definition>
      <short value="Regular expression pattern"/>
      <formal value="A regular expression that defines the syntax for the data element to be considered valid."/>
      <min value="0"/>
      <max value="1"/>
      <type>
        <code value="string"/>
      </type>
      <mustSupport value="false"/>
      <isModifier value="false"/>
      <mapping>
        <identity value="rim"/>
        <map value="N/A (MIF-level)"/>
      </mapping>
      <mapping>
        <identity value="v2"/>
        <map value="N/A"/>
      </mapping>
    </definition>
  </extensionDefn>
  <extensionDefn>
    <code value="entryFormat"/>
    <display value="User prompt for format"/>
    <contextType value="resource"/>
    <context value="CommonDataElement;Questionnaire.group.question;Profile.structure.element.definition"/>
    <definition>
      <short value="User prompt for format"/>
      <formal value="A syntax intended for display to the user to guide their input (i.e. a human readable version of a rgular expression).  For example &quot;nnn-nnn-nnn&quot;."/>
      <min value="0"/>
      <max value="1"/>
      <type>
        <code value="string"/>
      </type>
      <mustSupport value="false"/>
      <isModifier value="false"/>
      <mapping>
        <identity value="rim"/>
        <map value="N/A (MIF-level)"/>
      </mapping>
      <mapping>
        <identity value="v2"/>
        <map value="N/A"/>
      </mapping>
    </definition>
  </extensionDefn>
  <extensionDefn>
    <code value="minValue"/>
    <display value="Must be &gt;= this value"/>
    <contextType value="resource"/>
    <context value="CommonDataElement;Questionnaire.group.question;Profile.structure.element.definition"/>
    <definition>
      <short value="Must be &gt;= this value"/>
      <formal value="The inclusive lower bound on the range of allowed values for the data element."/>
      <comments value="Data type specified must be the same as the data type for the data element."/>
      <min value="0"/>
      <max value="1"/>
      <type>
        <code value="date"/>
      </type>
      <type>
        <code value="dateTime"/>
      </type>
      <type>
        <code value="decimal"/>
      </type>
      <type>
        <code value="integer"/>
      </type>
      <mustSupport value="false"/>
      <isModifier value="false"/>
      <mapping>
        <identity value="rim"/>
        <map value="N/A (MIF-level)"/>
      </mapping>
      <mapping>
        <identity value="v2"/>
        <map value="N/A"/>
      </mapping>
    </definition>
  </extensionDefn>
  <extensionDefn>
    <code value="maxValue"/>
    <display value="Must be &lt;= this value"/>
    <contextType value="resource"/>
    <context value="CommonDataElement;Questionnaire.group.question;Profile.structure.element.definition"/>
    <definition>
      <short value="Must be &lt;= this value"/>
      <formal value="The inclusive upper bound on the range of allowed values for the data element."/>
      <comments value="Data type specified must be the same as the data type for the data element."/>
      <min value="0"/>
      <max value="1"/>
      <type>
        <code value="date"/>
      </type>
      <type>
        <code value="dateTime"/>
      </type>
      <type>
        <code value="decimal"/>
      </type>
      <type>
        <code value="integer"/>
      </type>
      <mustSupport value="false"/>
      <isModifier value="false"/>
      <mapping>
        <identity value="rim"/>
        <map value="N/A (MIF-level)"/>
      </mapping>
      <mapping>
        <identity value="v2"/>
        <map value="N/A"/>
      </mapping>
    </definition>
  </extensionDefn>
  <extensionDefn>
    <code value="maxDecimalPlaces"/>
    <display value="Maximum digits after decimal"/>
    <contextType value="resource"/>
    <context value="CommonDataElement;Questionnaire.group.question;Profile.structure.element.definition"/>
    <definition>
      <short value="Maximum digits after decimal"/>
      <formal value="Identifies the maximum number of decimal places that may be specified for the data element."/>
      <min value="0"/>
      <max value="1"/>
      <type>
        <code value="integer"/>
      </type>
      <mustSupport value="false"/>
      <isModifier value="false"/>
      <mapping>
        <identity value="rim"/>
        <map value="N/A (MIF-level)"/>
      </mapping>
      <mapping>
        <identity value="v2"/>
        <map value="N/A"/>
      </mapping>
    </definition>
  </extensionDefn>
</Profile>