<?xml version="1.0" encoding="UTF-8"?>

<Profile xmlns="http://hl7.org/fhir">
  <text>
    <status value="generated"/><div xmlns="http://www.w3.org/1999/xhtml"><pre>
&lt;<a title="Details and position information for a physical place where services are provided  and resources and participants may be stored, found, contained or accommodated." class="dict" href="location-definitions.html#Location"><b>Location</b></a> xmlns=&quot;http://hl7.org/fhir&quot;&gt; <span style="float: right"><a title="Documentation for this format" href="formats.html"><img alt="doco" src="help.png"/></a></span>
 &lt;!-- from <a href="resources.html">Resource</a>: <a href="extensibility.html">extension</a>, <a href="extensibility.html#modifierExtension">modifierExtension</a>, language, <a href="narrative.html#Narrative">text</a>, and <a href="references.html#contained">contained</a> --&gt;
 &lt;<a title="Unique code or number identifying the location to its users." class="dict" href="location-definitions.html#Location.identifier"><b>identifier</b></a>&gt;<span style="color: Gray">&lt;!--</span> <span style="color: brown"><b>0..1</b></span> <span style="color: darkgreen"><a href="datatypes.html#Identifier">Identifier</a></span> <span style="color: navy">
     Unique code or number identifying the location to its users</span><span style="color: Gray"> --&gt;</span>&lt;/identifier&gt;
 &lt;<a title="Name of the location as used by humans. Does not need to be unique." class="dict" href="location-definitions.html#Location.name"><b>name</b></a> value=&quot;[<span style="color: darkgreen"><a href="datatypes.html#string">string</a></span>]&quot;/&gt;<span style="color: Gray">&lt;!--</span> <span style="color: brown"><b>0..1</b></span> <span style="color: navy">Name of the location as used by humans</span><span style="color: Gray"> --&gt;</span>
 &lt;<a title="Description of the Location, which helps in finding or referencing the place." class="dict" href="location-definitions.html#Location.description"><b>description</b></a> value=&quot;[<span style="color: darkgreen"><a href="datatypes.html#string">string</a></span>]&quot;/&gt;<span style="color: Gray">&lt;!--</span> <span style="color: brown"><b>0..1</b></span> <span style="color: navy">Description of the Location, which helps in finding or referencing the place</span><span style="color: Gray"> --&gt;</span>
 &lt;<a title="Indicates the type of function performed at the location." class="dict" href="location-definitions.html#Location.type"><b>type</b></a>&gt;<span style="color: Gray">&lt;!--</span> <span style="color: brown"><b>0..1</b></span> <span style="color: darkgreen"><a href="datatypes.html#CodeableConcept">CodeableConcept</a></span> <a style="color: navy" href="v3/vs/ServiceDeliveryLocationRoleType/index.html">Indicates the type of function performed at the location</a><span style="color: Gray"> --&gt;</span>&lt;/type&gt;
 &lt;<a title="The contact details of communication devices available at the location. This can include phone numbers, fax numbers, mobile numbers, email addresses and web sites." class="dict" href="location-definitions.html#Location.telecom"><b>telecom</b></a>&gt;<span style="color: Gray">&lt;!--</span> <span style="color: brown"><b>0..*</b></span> <span style="color: darkgreen"><a href="datatypes.html#Contact">Contact</a></span> <span style="color: navy">Contact details of the location</span><span style="color: Gray"> --&gt;</span>&lt;/telecom&gt;
 &lt;<a title="Physical location." class="dict" href="location-definitions.html#Location.address"><b>address</b></a>&gt;<span style="color: Gray">&lt;!--</span> <span style="color: brown"><b>0..1</b></span> <span style="color: darkgreen"><a href="datatypes.html#Address">Address</a></span> <span style="color: navy">Physical location</span><span style="color: Gray"> --&gt;</span>&lt;/address&gt;
 &lt;<a title="Physical form of the location, e.g. building, room, vehicle, road." class="dict" href="location-definitions.html#Location.physicalType"><b>physicalType</b></a>&gt;<span style="color: Gray">&lt;!--</span> <span style="color: brown"><b>0..1</b></span> <span style="color: darkgreen"><a href="datatypes.html#CodeableConcept">CodeableConcept</a></span> <span style="color: navy"><a style="color: navy" href="valueset-location-physical-type.html">Physical form of the location</a></span><span style="color: Gray"> --&gt;</span>&lt;/physicalType&gt;
 &lt;<a title="The absolute geographic location of the Location, expressed in a KML compatible manner (see notes below for KML)." class="dict" href="location-definitions.html#Location.position"><b>position</b></a>&gt;  <span style="color: Gray">&lt;!-- <span style="color: brown"><b>0..1</b></span> The absolute geographic location --&gt;</span>
  &lt;<a title="Longitude. The value domain and the interpretation are the same as for the text of the longitude element in KML (see notes below)." class="dict" href="location-definitions.html#Location.position.longitude"><b>longitude</b></a> value=&quot;[<span style="color: darkgreen"><a href="datatypes.html#decimal">decimal</a></span>]&quot;/&gt;<span style="color: Gray">&lt;!--</span> <span style="color: brown"><b>1..1</b></span> <span style="color: navy">Longitude as expressed in KML</span><span style="color: Gray"> --&gt;</span>
  &lt;<a title="Latitude. The value domain and the interpretation are the same as for the text of the latitude element in KML (see notes below)." class="dict" href="location-definitions.html#Location.position.latitude"><b>latitude</b></a> value=&quot;[<span style="color: darkgreen"><a href="datatypes.html#decimal">decimal</a></span>]&quot;/&gt;<span style="color: Gray">&lt;!--</span> <span style="color: brown"><b>1..1</b></span> <span style="color: navy">Latitude as expressed in KML</span><span style="color: Gray"> --&gt;</span>
  &lt;<a title="Altitude. The value domain and the interpretation are the same as for the text of the altitude element in KML (see notes below)." class="dict" href="location-definitions.html#Location.position.altitude"><b>altitude</b></a> value=&quot;[<span style="color: darkgreen"><a href="datatypes.html#decimal">decimal</a></span>]&quot;/&gt;<span style="color: Gray">&lt;!--</span> <span style="color: brown"><b>0..1</b></span> <span style="color: navy">Altitude as expressed in KML</span><span style="color: Gray"> --&gt;</span>
 &lt;/position&gt;
 &lt;<a title="The organization that is responsible for the provisioning and upkeep of the location." class="dict" href="location-definitions.html#Location.managingOrganization"><b>managingOrganization</b></a>&gt;<span style="color: Gray">&lt;!--</span> <span style="color: brown"><b>0..1</b></span> <span style="color: darkgreen"><a href="references.html#Resource">Resource</a>(<a href="organization.html#Organization">Organization</a>)</span> <span style="color: navy">
     The organization that is responsible for the provisioning and upkeep of the location</span><span style="color: Gray"> --&gt;</span>&lt;/managingOrganization&gt;
 &lt;<a title="active | suspended | inactive (this element modifies the meaning of other elements)" class="dict" href="location-definitions.html#Location.status"><span style="text-decoration: underline"><b>status</b></span></a> value=&quot;[<span style="color: darkgreen"><a href="datatypes.html#code">code</a></span>]&quot;/&gt;<span style="color: Gray">&lt;!--</span> <span style="color: brown"><b>0..1</b></span> <span style="color: navy"><a style="color: navy" href="location-status.html">active | suspended | inactive</a></span><span style="color: Gray"> --&gt;</span>
 &lt;<a title="Another Location which this Location is physically part of." class="dict" href="location-definitions.html#Location.partOf"><b>partOf</b></a>&gt;<span style="color: Gray">&lt;!--</span> <span style="color: brown"><b>0..1</b></span> <span style="color: darkgreen"><a href="references.html#Resource">Resource</a>(<a href="location.html#Location">Location</a>)</span> <span style="color: navy">
     Another Location which this Location is physically part of</span><span style="color: Gray"> --&gt;</span>&lt;/partOf&gt;
 &lt;<a title="Indicates whether a resource instance represents a specific location or a class of locations (this element modifies the meaning of other elements)" class="dict" href="location-definitions.html#Location.mode"><span style="text-decoration: underline"><b>mode</b></span></a> value=&quot;[<span style="color: darkgreen"><a href="datatypes.html#code">code</a></span>]&quot;/&gt;<span style="color: Gray">&lt;!--</span> <span style="color: brown"><b>0..1</b></span> <span style="color: navy"><a style="color: navy" href="location-mode.html">instance | kind</a></span><span style="color: Gray"> --&gt;</span>
&lt;/Location&gt;
</pre></div>
  </text>
  <identifier value="http://hl7.org/fhir/profile/location"/>
  <name value="location"/>
  <publisher value="FHIR Project"/>
  <description value="Basic Profile. Details and position information for a physical place where services are provided  and resources and participants may be stored, found, contained or accommodated."/>
  <status value="draft"/>
  <date value="2014-06-06"/>
  <requirements value="Scope and Usage A Location includes both incidental locations (a place which is used for healthcare without prior designation or authorization) and dedicated, formally appointed locations. Locations may be private, public, mobile or fixed and scale from small freezers to full hospital buildings or parking garages. 

Examples of Locations are:

* Building, ward, corridor or room
* Freezer, incubator
* Vehicle or lift
* Home, shed, or a garage
* Road, parking place, a park"/>
  <mapping>
    <identity value="rim"/>
    <uri value="http://hl7.org/v3"/>
    <name value="RIM"/>
  </mapping>
  <structure>
    <type value="Location"/>
    <publish value="true"/>
    <element>
      <path value="Location"/>
      <definition>
        <short value="Details and position information for a physical place"/>
        <formal value="Details and position information for a physical place where services are provided  and resources and participants may be stored, found, contained or accommodated."/>
        <min value="1"/>
        <max value="1"/>
        <type>
          <code value="Resource"/>
        </type>
        <isModifier value="false"/>
        <mapping>
          <identity value="rim"/>
          <map value="Role[classCode=SDLC]."/>
        </mapping>
      </definition>
    </element>
    <element>
      <path value="Location.extension"/>
      <definition>
        <short value="Additional Content defined by implementations"/>
        <formal value="May be used to represent additional information that is not part of the basic definition of the resource. In order to make the use of extensions safe and manageable, there is a strict governance applied to the definition and use of extensions. Though any implementer is allowed to define an extension, there is a set of requirements that SHALL be met as part of the definition of the extension."/>
        <comments value="there can be no stigma associated with the use of extensions by any application, project, or standard - regardless of the institution or jurisdiction that uses or defines the extensions.  The use of extensions is what allows the FHIR specification to retain a core simplicity for everyone."/>
        <synonym value="extensions"/>
        <synonym value="user content"/>
        <min value="0"/>
        <max value="*"/>
        <type>
          <code value="Extension"/>
        </type>
        <isModifier value="false"/>
      </definition>
    </element>
    <element>
      <path value="Location.modifierExtension"/>
      <definition>
        <short value="Extensions that cannot be ignored"/>
        <formal value="May be used to represent additional information that is not part of the basic definition of the resource, and that modifies the understanding of the element that contains it. Usually modifier elements provide negation or qualification. In order to make the use of extensions safe and manageable, there is a strict governance applied to the definition and use of extensions. Though any implementer is allowed to define an extension, there is a set of requirements that SHALL be met as part of the definition of the extension. Applications processing a resource are required to check for modifier extensions."/>
        <comments value="there can be no stigma associated with the use of extensions by any application, project, or standard - regardless of the institution or jurisdiction that uses or defines the extensions.  The use of extensions is what allows the FHIR specification to retain a core simplicity for everyone."/>
        <synonym value="extensions"/>
        <synonym value="user content"/>
        <min value="0"/>
        <max value="*"/>
        <type>
          <code value="Extension"/>
        </type>
        <isModifier value="false"/>
      </definition>
    </element>
    <element>
      <path value="Location.text"/>
      <definition>
        <short value="Text summary of the resource, for human interpretation"/>
        <formal value="A human-readable narrative that contains a summary of the resource, and may be used to represent the content of the resource to a human. The narrative need not encode all the structured data, but is required to contain sufficient detail to make it &quot;clinically safe&quot; for a human to just read the narrative. Resource definitions may define what content should be represented in the narrative to ensure clinical safety."/>
        <comments value="Contained resources do not have narrative. Resources that are not contained SHOULD have a narrative."/>
        <synonym value="narrative"/>
        <synonym value="html"/>
        <synonym value="xhtml"/>
        <synonym value="display"/>
        <min value="0"/>
        <max value="1"/>
        <type>
          <code value="Narrative"/>
        </type>
        <isModifier value="false"/>
      </definition>
    </element>
    <element>
      <path value="Location.contained"/>
      <definition>
        <short value="Contained, inline Resources"/>
        <formal value="These resources do not have an independent existence apart from the resource that contains them - they cannot be identified independently, and nor can they have their own independent transaction scope."/>
        <comments value="This should never be done when the content can be identified properly, as once identification is lost, it is extremely difficult (and context dependent) to restore it again."/>
        <synonym value="inline resources"/>
        <synonym value="anonymous resources"/>
        <synonym value="contained resources"/>
        <min value="0"/>
        <max value="*"/>
        <type>
          <code value="Resource"/>
        </type>
        <isModifier value="false"/>
      </definition>
    </element>
    <element>
      <path value="Location.identifier"/>
      <definition>
        <short value="Unique code or number identifying the location to its users"/>
        <formal value="Unique code or number identifying the location to its users."/>
        <min value="0"/>
        <max value="1"/>
        <type>
          <code value="Identifier"/>
        </type>
        <isModifier value="false"/>
        <mapping>
          <identity value="rim"/>
          <map value="id"/>
        </mapping>
      </definition>
    </element>
    <element>
      <path value="Location.name"/>
      <definition>
        <short value="Name of the location as used by humans"/>
        <formal value="Name of the location as used by humans. Does not need to be unique."/>
        <min value="0"/>
        <max value="1"/>
        <type>
          <code value="string"/>
        </type>
        <isModifier value="false"/>
        <mapping>
          <identity value="rim"/>
          <map value="name"/>
        </mapping>
      </definition>
    </element>
    <element>
      <path value="Location.description"/>
      <definition>
        <short value="Description of the Location, which helps in finding or referencing the place"/>
        <formal value="Description of the Location, which helps in finding or referencing the place."/>
        <min value="0"/>
        <max value="1"/>
        <type>
          <code value="string"/>
        </type>
        <isModifier value="false"/>
        <mapping>
          <identity value="rim"/>
          <map value="playingEntity[classCode=PLC determinerCode=INSTANCE].desc"/>
        </mapping>
      </definition>
    </element>
    <element>
      <path value="Location.type"/>
      <definition>
        <short value="Indicates the type of function performed at the location"/>
        <formal value="Indicates the type of function performed at the location."/>
        <min value="0"/>
        <max value="1"/>
        <type>
          <code value="CodeableConcept"/>
        </type>
        <isModifier value="false"/>
        <binding>
          <name value="LocationType"/>
          <isExtensible value="true"/>
          <conformance value="preferred"/>
          <description value="Indicates the type of function performed at the location"/>
          <referenceResource>
            <reference value="http://hl7.org/fhir/v3/vs/ServiceDeliveryLocationRoleType"/>
          </referenceResource>
        </binding>
        <mapping>
          <identity value="rim"/>
          <map value="code"/>
        </mapping>
      </definition>
    </element>
    <element>
      <path value="Location.telecom"/>
      <definition>
        <short value="Contact details of the location"/>
        <formal value="The contact details of communication devices available at the location. This can include phone numbers, fax numbers, mobile numbers, email addresses and web sites."/>
        <min value="0"/>
        <max value="*"/>
        <type>
          <code value="Contact"/>
        </type>
        <isModifier value="false"/>
        <mapping>
          <identity value="rim"/>
          <map value="telecom"/>
        </mapping>
      </definition>
    </element>
    <element>
      <path value="Location.address"/>
      <definition>
        <short value="Physical location"/>
        <formal value="Physical location."/>
        <comments value="This was kept as 0..1 as there is no use property on the address, so wouldn&#39;t be able to identify different address types."/>
        <min value="0"/>
        <max value="1"/>
        <type>
          <code value="Address"/>
        </type>
        <isModifier value="false"/>
        <mapping>
          <identity value="rim"/>
          <map value="addr"/>
        </mapping>
      </definition>
    </element>
    <element>
      <path value="Location.physicalType"/>
      <definition>
        <short value="Physical form of the location"/>
        <formal value="Physical form of the location, e.g. building, room, vehicle, road."/>
        <min value="0"/>
        <max value="1"/>
        <type>
          <code value="CodeableConcept"/>
        </type>
        <isModifier value="false"/>
        <binding>
          <name value="PhysicalType"/>
          <isExtensible value="true"/>
          <conformance value="example"/>
          <description value="Physical form of the location"/>
          <referenceResource>
            <reference value="http://hl7.org/fhir/vs/location-physical-type"/>
          </referenceResource>
        </binding>
        <mapping>
          <identity value="rim"/>
          <map value="playingEntity [classCode=PLC].code"/>
        </mapping>
      </definition>
    </element>
    <element>
      <path value="Location.position"/>
      <definition>
        <short value="The absolute geographic location"/>
        <formal value="The absolute geographic location of the Location, expressed in a KML compatible manner (see notes below for KML)."/>
        <min value="0"/>
        <max value="1"/>
        <isModifier value="false"/>
        <mapping>
          <identity value="rim"/>
          <map value="playingEntity [classCode=PLC determinerCode=INSTANCE].positionText"/>
        </mapping>
      </definition>
    </element>
    <element>
      <path value="Location.position.extension"/>
      <definition>
        <short value="Additional Content defined by implementations"/>
        <formal value="May be used to represent additional information that is not part of the basic definition of the resource. In order to make the use of extensions safe and manageable, there is a strict governance applied to the definition and use of extensions. Though any implementer is allowed to define an extension, there is a set of requirements that SHALL be met as part of the definition of the extension."/>
        <comments value="there can be no stigma associated with the use of extensions by any application, project, or standard - regardless of the institution or jurisdiction that uses or defines the extensions.  The use of extensions is what allows the FHIR specification to retain a core simplicity for everyone."/>
        <synonym value="extensions"/>
        <synonym value="user content"/>
        <min value="0"/>
        <max value="*"/>
        <type>
          <code value="Extension"/>
        </type>
        <isModifier value="false"/>
      </definition>
    </element>
    <element>
      <path value="Location.position.modifierExtension"/>
      <definition>
        <short value="Extensions that cannot be ignored"/>
        <formal value="May be used to represent additional information that is not part of the basic definition of the resource, and that modifies the understanding of the element that contains it. Usually modifier elements provide negation or qualification. In order to make the use of extensions safe and manageable, there is a strict governance applied to the definition and use of extensions. Though any implementer is allowed to define an extension, there is a set of requirements that SHALL be met as part of the definition of the extension. Applications processing a resource are required to check for modifier extensions."/>
        <comments value="there can be no stigma associated with the use of extensions by any application, project, or standard - regardless of the institution or jurisdiction that uses or defines the extensions.  The use of extensions is what allows the FHIR specification to retain a core simplicity for everyone."/>
        <synonym value="extensions"/>
        <synonym value="user content"/>
        <min value="0"/>
        <max value="*"/>
        <type>
          <code value="Extension"/>
        </type>
        <isModifier value="false"/>
      </definition>
    </element>
    <element>
      <path value="Location.position.longitude"/>
      <definition>
        <short value="Longitude as expressed in KML"/>
        <formal value="Longitude. The value domain and the interpretation are the same as for the text of the longitude element in KML (see notes below)."/>
        <min value="1"/>
        <max value="1"/>
        <type>
          <code value="decimal"/>
        </type>
        <isModifier value="false"/>
        <mapping>
          <identity value="rim"/>
          <map value="?? RIM Opted not to map the sub-elements of GPS location) is now an OBS"/>
        </mapping>
      </definition>
    </element>
    <element>
      <path value="Location.position.latitude"/>
      <definition>
        <short value="Latitude as expressed in KML"/>
        <formal value="Latitude. The value domain and the interpretation are the same as for the text of the latitude element in KML (see notes below)."/>
        <min value="1"/>
        <max value="1"/>
        <type>
          <code value="decimal"/>
        </type>
        <isModifier value="false"/>
        <mapping>
          <identity value="rim"/>
          <map value="?? RIM Opted not to map the sub-elements of GPS location) is now an OBS"/>
        </mapping>
      </definition>
    </element>
    <element>
      <path value="Location.position.altitude"/>
      <definition>
        <short value="Altitude as expressed in KML"/>
        <formal value="Altitude. The value domain and the interpretation are the same as for the text of the altitude element in KML (see notes below)."/>
        <min value="0"/>
        <max value="1"/>
        <type>
          <code value="decimal"/>
        </type>
        <isModifier value="false"/>
        <mapping>
          <identity value="rim"/>
          <map value="?? RIM Opted not to map the sub-elements of GPS location) is now an OBS"/>
        </mapping>
      </definition>
    </element>
    <element>
      <path value="Location.managingOrganization"/>
      <definition>
        <short value="The organization that is responsible for the provisioning and upkeep of the location"/>
        <formal value="The organization that is responsible for the provisioning and upkeep of the location."/>
        <min value="0"/>
        <max value="1"/>
        <type>
          <code value="ResourceReference"/>
          <profile value="http://hl7.org/fhir/profiles/Organization"/>
        </type>
        <isModifier value="false"/>
        <mapping>
          <identity value="rim"/>
          <map value="scopingEntity[classCode=ORG determinerKind=INSTANCE]"/>
        </mapping>
      </definition>
    </element>
    <element>
      <path value="Location.status"/>
      <definition>
        <short value="active | suspended | inactive"/>
        <formal value="active | suspended | inactive."/>
        <min value="0"/>
        <max value="1"/>
        <type>
          <code value="code"/>
        </type>
        <isModifier value="true"/>
        <binding>
          <name value="LocationStatus"/>
          <isExtensible value="false"/>
          <conformance value="required"/>
          <description value="Indicates whether the location is still in use"/>
          <referenceResource>
            <reference value="http://hl7.org/fhir/vs/location-status"/>
          </referenceResource>
        </binding>
        <mapping>
          <identity value="rim"/>
          <map value="statusCode"/>
        </mapping>
      </definition>
    </element>
    <element>
      <path value="Location.partOf"/>
      <definition>
        <short value="Another Location which this Location is physically part of"/>
        <formal value="Another Location which this Location is physically part of."/>
        <min value="0"/>
        <max value="1"/>
        <type>
          <code value="ResourceReference"/>
          <profile value="http://hl7.org/fhir/profiles/Location"/>
        </type>
        <isModifier value="false"/>
        <mapping>
          <identity value="rim"/>
          <map value="inboundLink[typeCode=PART].source[classCode=SDLC]"/>
        </mapping>
      </definition>
    </element>
    <element>
      <path value="Location.mode"/>
      <definition>
        <short value="instance | kind"/>
        <formal value="Indicates whether a resource instance represents a specific location or a class of locations."/>
        <min value="0"/>
        <max value="1"/>
        <type>
          <code value="code"/>
        </type>
        <isModifier value="true"/>
        <binding>
          <name value="LocationMode"/>
          <isExtensible value="false"/>
          <conformance value="required"/>
          <description value="Indicates whether a resource instance represents a specific location or a class of locations"/>
          <referenceResource>
            <reference value="http://hl7.org/fhir/vs/location-mode"/>
          </referenceResource>
        </binding>
        <mapping>
          <identity value="rim"/>
          <map value="playingEntity[classCode=PLC].determinerCode"/>
        </mapping>
      </definition>
    </element>
    <searchParam>
      <name value="_id"/>
      <type value="token"/>
      <documentation value="The logical resource id associated with the resource (must be supported by all servers)"/>
    </searchParam>
    <searchParam>
      <name value="_language"/>
      <type value="token"/>
      <documentation value="The stated language of the resource"/>
    </searchParam>
    <searchParam>
      <name value="address"/>
      <type value="string"/>
      <documentation value="A (part of the) address of the location"/>
      <xpath value="f:Location/f:address"/>
    </searchParam>
    <searchParam>
      <name value="identifier"/>
      <type value="token"/>
      <documentation value="Unique code or number identifying the location to its users"/>
      <xpath value="f:Location/f:identifier"/>
    </searchParam>
    <searchParam>
      <name value="name"/>
      <type value="string"/>
      <documentation value="A (portion of the) name of the location"/>
      <xpath value="f:Location/f:name"/>
    </searchParam>
    <searchParam>
      <name value="near"/>
      <type value="token"/>
      <documentation value="The coordinates expressed as [lat],[long] (using KML, see notes) to find locations near to (servers may search using a square rather than a circle for efficiency)"/>
    </searchParam>
    <searchParam>
      <name value="near-distance"/>
      <type value="token"/>
      <documentation value="A distance quantity to limit the near search to locations within a specific distance"/>
    </searchParam>
    <searchParam>
      <name value="partof"/>
      <type value="reference"/>
      <documentation value="The location of which this location is a part"/>
      <xpath value="f:Location/f:partOf"/>
    </searchParam>
    <searchParam>
      <name value="status"/>
      <type value="token"/>
      <documentation value="Searches for locations with a specific kind of status"/>
      <xpath value="f:Location/f:status"/>
    </searchParam>
    <searchParam>
      <name value="type"/>
      <type value="token"/>
      <documentation value="A code for the type of location"/>
      <xpath value="f:Location/f:type"/>
    </searchParam>
  </structure>
</Profile>