<?xml version="1.0" encoding="UTF-8"?>

<Profile xmlns="http://hl7.org/fhir">
  <text>
    <status value="generated"/><div xmlns="http://www.w3.org/1999/xhtml"><pre>
&lt;<a title="A structured set of questions and their answers. The questions are ordered and grouped into coherent subsets, corresponding to the structure of the grouping of the underlying questions." class="dict" href="questionnaireanswers-definitions.html#QuestionnaireAnswers"><b>QuestionnaireAnswers</b></a> xmlns=&quot;http://hl7.org/fhir&quot;&gt; <span style="float: right"><a title="Documentation for this format" href="formats.html"><img alt="doco" src="help.png"/></a></span>
 &lt;!-- from <a href="resources.html">Resource</a>: <a href="extensibility.html">extension</a>, <a href="extensibility.html#modifierExtension">modifierExtension</a>, language, <a href="narrative.html#Narrative">text</a>, and <a href="references.html#contained">contained</a> --&gt;
 &lt;<a title="Indicates the Questionnaire resource that defines the form for which answers are being provided." class="dict" href="questionnaireanswers-definitions.html#QuestionnaireAnswers.questionnaire"><b>questionnaire</b></a>&gt;<span style="color: Gray">&lt;!--</span> <span style="color: brown"><b>0..1</b></span> <span style="color: darkgreen"><a href="references.html#Resource">Resource</a>(<a href="questionnaire.html#Questionnaire">Questionnaire</a>)</span> <span style="color: navy">Form being answered</span><span style="color: Gray"> --&gt;</span>&lt;/questionnaire&gt;
 &lt;<a title="The lifecycle status of the questionnaire answers as a whole (this element modifies the meaning of other elements)" class="dict" href="questionnaireanswers-definitions.html#QuestionnaireAnswers.status"><span style="text-decoration: underline"><b>status</b></span></a> value=&quot;[<span style="color: darkgreen"><a href="datatypes.html#code">code</a></span>]&quot;/&gt;<span style="color: Gray">&lt;!--</span> <span style="color: brown"><b>1..1</b></span> <span style="color: navy"><a style="color: navy" href="questionnaire-answers-status.html">in progress | completed | amended<span title="This element is included in a summary view (See Search/Query)" style="color: Navy"> §</span></a></span><span style="color: Gray"> --&gt;</span>
 &lt;<a title="The subject of the questionnaire answers.  This could be a patient, organization, practitioner, device, etc.  This is who/what the answers apply to, but is not necessarily the source of information." class="dict" href="questionnaireanswers-definitions.html#QuestionnaireAnswers.subject"><b>subject</b></a>&gt;<span style="color: Gray">&lt;!--</span> <span style="color: brown"><b>0..1</b></span> <span style="color: darkgreen"><a href="references.html#Resource">Resource</a>(<a href="resourcelist.html">Any</a>)</span> <span style="color: navy">The subject of the questions<span title="This element is included in a summary view (See Search/Query)" style="color: Navy"> §</span></span><span style="color: Gray"> --&gt;</span>&lt;/subject&gt;
 &lt;<a title="Person who received the answers to the questions in the QuestionnaireAnswers and recorded them in the system." class="dict" href="questionnaireanswers-definitions.html#QuestionnaireAnswers.author"><b>author</b></a>&gt;<span style="color: Gray">&lt;!--</span> <span style="color: brown"><b>0..1</b></span> <span style="color: darkgreen"><a href="references.html#Resource">Resource</a>(<a href="practitioner.html#Practitioner">Practitioner</a>|<a href="patient.html#Patient">Patient</a>|<a href="relatedperson.html#RelatedPerson">RelatedPerson</a>)</span> <span style="color: navy">
     Person who received and recorded the answers<span title="This element is included in a summary view (See Search/Query)" style="color: Navy"> §</span></span><span style="color: Gray"> --&gt;</span>&lt;/author&gt;
 &lt;<a title="The date and/or time that this version of the questionnaire answers was authored." class="dict" href="questionnaireanswers-definitions.html#QuestionnaireAnswers.authored"><b>authored</b></a> value=&quot;[<span style="color: darkgreen"><a href="datatypes.html#dateTime">dateTime</a></span>]&quot;/&gt;<span style="color: Gray">&lt;!--</span> <span style="color: brown"><b>1..1</b></span> <span style="color: navy">Date this version was authored<span title="This element is included in a summary view (See Search/Query)" style="color: Navy"> §</span></span><span style="color: Gray"> --&gt;</span>
 &lt;<a title="The person who answered the questions about the subject. Only used when this is not the subject him/herself." class="dict" href="questionnaireanswers-definitions.html#QuestionnaireAnswers.source"><b>source</b></a>&gt;<span style="color: Gray">&lt;!--</span> <span style="color: brown"><b>0..1</b></span> <span style="color: darkgreen"><a href="references.html#Resource">Resource</a>(<a href="patient.html#Patient">Patient</a>|<a href="practitioner.html#Practitioner">Practitioner</a>|<a href="relatedperson.html#RelatedPerson">RelatedPerson</a>)</span> <span style="color: navy">
     The person who answered the questions<span title="This element is included in a summary view (See Search/Query)" style="color: Navy"> §</span></span><span style="color: Gray"> --&gt;</span>&lt;/source&gt;
 &lt;<a title="Encounter during which this set of questionnaire answers were collected. When there were multiple encounters, this is the one considered most relevant to the context of the answers." class="dict" href="questionnaireanswers-definitions.html#QuestionnaireAnswers.encounter"><b>encounter</b></a>&gt;<span style="color: Gray">&lt;!--</span> <span style="color: brown"><b>0..1</b></span> <span style="color: darkgreen"><a href="references.html#Resource">Resource</a>(<a href="encounter.html#Encounter">Encounter</a>)</span> <span style="color: navy">
     Primary encounter during which the answers were collected<span title="This element is included in a summary view (See Search/Query)" style="color: Navy"> §</span></span><span style="color: Gray"> --&gt;</span>&lt;/encounter&gt;
 &lt;<a title="A group of questions to a possibly similarly grouped set of questions in the questionnaire answers." class="dict" href="questionnaireanswers-definitions.html#QuestionnaireAnswers.group"><b>group</b></a>&gt;  <span style="color: Gray">&lt;!-- <span style="color: brown"><b>0..1</b></span> Grouped questions --&gt;</span>
  &lt;<a title="Identifies the group from the Questionnaire that corresponds to this group in the QuestionnaireAnswers resource." class="dict" href="questionnaireanswers-definitions.html#QuestionnaireAnswers.group.linkId"><b>linkId</b></a> value=&quot;[<span style="color: darkgreen"><a href="datatypes.html#string">string</a></span>]&quot;/&gt;<span style="color: Gray">&lt;!--</span> <span style="color: brown"><b>0..1</b></span> <span style="color: navy">Corresponding group within Questionnaire</span><span style="color: Gray"> --&gt;</span>
  &lt;<a title="Text that is displayed above the contents of the group." class="dict" href="questionnaireanswers-definitions.html#QuestionnaireAnswers.group.title"><b>title</b></a> value=&quot;[<span style="color: darkgreen"><a href="datatypes.html#string">string</a></span>]&quot;/&gt;<span style="color: Gray">&lt;!--</span> <span style="color: brown"><b>0..1</b></span> <span style="color: navy">Name for this group</span><span style="color: Gray"> --&gt;</span>
  &lt;<a title="Additional text for the group, used for display purposes." class="dict" href="questionnaireanswers-definitions.html#QuestionnaireAnswers.group.text"><b>text</b></a> value=&quot;[<span style="color: darkgreen"><a href="datatypes.html#string">string</a></span>]&quot;/&gt;<span style="color: Gray">&lt;!--</span> <span style="color: brown"><b>0..1</b></span> <span style="color: navy">Additional text for the group</span><span style="color: Gray"> --&gt;</span>
  &lt;<a title="More specific subject this section&#39;s answers are about, details the subject given in QuestionnaireAnswers." class="dict" href="questionnaireanswers-definitions.html#QuestionnaireAnswers.group.subject"><b>subject</b></a>&gt;<span style="color: Gray">&lt;!--</span> <span style="color: brown"><b>0..1</b></span> <span style="color: darkgreen"><a href="references.html#Resource">Resource</a>(<a href="resourcelist.html">Any</a>)</span> <span style="color: navy">The subject this group&#39;s answers are about</span><span style="color: Gray"> --&gt;</span>&lt;/subject&gt;
  &lt;<a title="A sub-group within a group. The ordering of groups within this group is relevant." class="dict" href="questionnaireanswers-definitions.html#QuestionnaireAnswers.group.group"><b>group</b></a>&gt;<span style="color: Gray">&lt;!--</span> <span title="Inv-1: Groups may either contain questions or groups but not both" style="color: brown"><b><img alt="??" src="lock.png"/> 0..*</b></span> <span style="color: darkgreen">Content as for QuestionnaireAnswers.group</span> <span style="color: navy">Nested questionnaire answers group</span><span style="color: Gray"> --&gt;</span>&lt;/group&gt;
  &lt;<a title="Set of questions within this group. The order of questions within the group is relevant." class="dict" href="questionnaireanswers-definitions.html#QuestionnaireAnswers.group.question"><b>question</b></a>&gt;  <span style="color: Gray">&lt;!-- <span title="Inv-1: Groups may either contain questions or groups but not both" style="color: brown"><b><img alt="??" src="lock.png"/> 0..*</b></span> Questions in this group --&gt;</span>
   &lt;<a title="Identifies the question from the Questionnaire that corresponds to this question in the QuestionnaireAnswers resource." class="dict" href="questionnaireanswers-definitions.html#QuestionnaireAnswers.group.question.linkId"><b>linkId</b></a> value=&quot;[<span style="color: darkgreen"><a href="datatypes.html#string">string</a></span>]&quot;/&gt;<span style="color: Gray">&lt;!--</span> <span style="color: brown"><b>0..1</b></span> <span style="color: navy">Corresponding question within Questionnaire</span><span style="color: Gray"> --&gt;</span>
   &lt;<a title="Text of the question as it is shown to the user." class="dict" href="questionnaireanswers-definitions.html#QuestionnaireAnswers.group.question.text"><b>text</b></a> value=&quot;[<span style="color: darkgreen"><a href="datatypes.html#string">string</a></span>]&quot;/&gt;<span style="color: Gray">&lt;!--</span> <span style="color: brown"><b>0..1</b></span> <span style="color: navy">Text of the question as it is shown to the user</span><span style="color: Gray"> --&gt;</span>
   &lt;<a title="The respondant&#39;s answer(s) to the question." class="dict" href="questionnaireanswers-definitions.html#QuestionnaireAnswers.group.question.answer"><b>answer</b></a>&gt;  <span style="color: Gray">&lt;!-- <span style="color: brown"><b>0..*</b></span> The response(s) to the question --&gt;</span>
    &lt;<a title="Single-valued answer to the question." class="dict" href="questionnaireanswers-definitions.html#QuestionnaireAnswers.group.question.answer.value_x_"><b>value[x]</b></a>&gt;<span style="color: Gray">&lt;!--</span> <span style="color: brown"><b>0..1</b></span> <span style="color: darkgreen"><a href="datatypes.html#decimal">decimal</a>|<a href="datatypes.html#integer">integer</a>|<a href="datatypes.html#boolean">boolean</a>|<a href="datatypes.html#date">date</a>|<a href="datatypes.html#string">string</a>|<a href="datatypes.html#dateTime">dateTime</a>|<a href="datatypes.html#instant">instant</a>|
      <a href="datatypes.html#Coding">Coding</a></span> <span style="color: navy">Single-valued answer to the question</span><span style="color: Gray"> --&gt;</span>&lt;/value[x]&gt;
   &lt;/answer&gt;
   &lt;<a title="Nested group, containing nested question for this question. The order of groups within the question is relevant." class="dict" href="questionnaireanswers-definitions.html#QuestionnaireAnswers.group.question.group"><b>group</b></a>&gt;<span style="color: Gray">&lt;!--</span> <span style="color: brown"><b>0..*</b></span> <span style="color: darkgreen">Content as for QuestionnaireAnswers.group</span> <span style="color: navy">Nested questionnaire group</span><span style="color: Gray"> --&gt;</span>&lt;/group&gt;
  &lt;/question&gt;
 &lt;/group&gt;
&lt;/QuestionnaireAnswers&gt;
</pre></div>
  </text>
  <identifier value="http://hl7.org/fhir/profile/questionnaireanswers"/>
  <name value="questionnaireanswers"/>
  <publisher value="FHIR Project"/>
  <description value="Basic Profile. A structured set of questions and their answers. The questions are ordered and grouped into coherent subsets, corresponding to the structure of the grouping of the underlying questions."/>
  <status value="draft"/>
  <date value="2014-06-06"/>
  <requirements value="Scope and Usage QuestionnaireAnswers provides a complete or partial list of answers to a set of questions. The questions may be included directly or by reference to a Questionnaire resource that defines the questions as well as the constraints on the allowed answers. In some cases, both may be provided to provide both formal rules for editing the questionnaire (via link to Questionnaire) as well as sufficient local information to allow rendering of the questionnaire. 

Questionnaires cover the need to communicate data originating from forms used in medical history examinations, research questionnaires and sometimes full clinical speciality records. In many systems this data is collected using user-defined screens and forms. Questionnaires record specifics about data capture - exactly what questions were asked, in what order, what choices for answers were, etc. Each of these questions are part of the Questionnaire, and as such the Questionnaire is a separately identifiable Resource, whereas the individual questions are not. 

Examples of Questionnaires include: 

* Past medical history (PMH)
* Family diseases
* Social history
* Research questionnaires
* Quality and evaluation forms
QuestionnaireAnswers can be validated against their corresponding Questionnaire to verify that required groups and questions are answered and that answers fit constraints in terms of cardinality, data type, etc."/>
  <mapping>
    <identity value="rim"/>
    <uri value="http://hl7.org/v3"/>
    <name value="RIM"/>
  </mapping>
  <structure>
    <type value="QuestionnaireAnswers"/>
    <publish value="true"/>
    <element>
      <path value="QuestionnaireAnswers"/>
      <definition>
        <short value="A structured set of questions and their answers"/>
        <formal value="A structured set of questions and their answers. The questions are ordered and grouped into coherent subsets, corresponding to the structure of the grouping of the underlying questions."/>
        <min value="1"/>
        <max value="1"/>
        <type>
          <code value="Resource"/>
        </type>
        <isModifier value="false"/>
        <mapping>
          <identity value="rim"/>
          <map value="Observation[moodCode=EVN]"/>
        </mapping>
      </definition>
    </element>
    <element>
      <path value="QuestionnaireAnswers.extension"/>
      <definition>
        <short value="Additional Content defined by implementations"/>
        <formal value="May be used to represent additional information that is not part of the basic definition of the resource. In order to make the use of extensions safe and manageable, there is a strict governance applied to the definition and use of extensions. Though any implementer is allowed to define an extension, there is a set of requirements that SHALL be met as part of the definition of the extension."/>
        <comments value="there can be no stigma associated with the use of extensions by any application, project, or standard - regardless of the institution or jurisdiction that uses or defines the extensions.  The use of extensions is what allows the FHIR specification to retain a core simplicity for everyone."/>
        <synonym value="extensions"/>
        <synonym value="user content"/>
        <min value="0"/>
        <max value="*"/>
        <type>
          <code value="Extension"/>
        </type>
        <isModifier value="false"/>
      </definition>
    </element>
    <element>
      <path value="QuestionnaireAnswers.modifierExtension"/>
      <definition>
        <short value="Extensions that cannot be ignored"/>
        <formal value="May be used to represent additional information that is not part of the basic definition of the resource, and that modifies the understanding of the element that contains it. Usually modifier elements provide negation or qualification. In order to make the use of extensions safe and manageable, there is a strict governance applied to the definition and use of extensions. Though any implementer is allowed to define an extension, there is a set of requirements that SHALL be met as part of the definition of the extension. Applications processing a resource are required to check for modifier extensions."/>
        <comments value="there can be no stigma associated with the use of extensions by any application, project, or standard - regardless of the institution or jurisdiction that uses or defines the extensions.  The use of extensions is what allows the FHIR specification to retain a core simplicity for everyone."/>
        <synonym value="extensions"/>
        <synonym value="user content"/>
        <min value="0"/>
        <max value="*"/>
        <type>
          <code value="Extension"/>
        </type>
        <isModifier value="false"/>
      </definition>
    </element>
    <element>
      <path value="QuestionnaireAnswers.text"/>
      <definition>
        <short value="Text summary of the resource, for human interpretation"/>
        <formal value="A human-readable narrative that contains a summary of the resource, and may be used to represent the content of the resource to a human. The narrative need not encode all the structured data, but is required to contain sufficient detail to make it &quot;clinically safe&quot; for a human to just read the narrative. Resource definitions may define what content should be represented in the narrative to ensure clinical safety."/>
        <comments value="Contained resources do not have narrative. Resources that are not contained SHOULD have a narrative."/>
        <synonym value="narrative"/>
        <synonym value="html"/>
        <synonym value="xhtml"/>
        <synonym value="display"/>
        <min value="0"/>
        <max value="1"/>
        <type>
          <code value="Narrative"/>
        </type>
        <isModifier value="false"/>
      </definition>
    </element>
    <element>
      <path value="QuestionnaireAnswers.contained"/>
      <definition>
        <short value="Contained, inline Resources"/>
        <formal value="These resources do not have an independent existence apart from the resource that contains them - they cannot be identified independently, and nor can they have their own independent transaction scope."/>
        <comments value="This should never be done when the content can be identified properly, as once identification is lost, it is extremely difficult (and context dependent) to restore it again."/>
        <synonym value="inline resources"/>
        <synonym value="anonymous resources"/>
        <synonym value="contained resources"/>
        <min value="0"/>
        <max value="*"/>
        <type>
          <code value="Resource"/>
        </type>
        <isModifier value="false"/>
      </definition>
    </element>
    <element>
      <path value="QuestionnaireAnswers.questionnaire"/>
      <definition>
        <short value="Form being answered"/>
        <formal value="Indicates the Questionnaire resource that defines the form for which answers are being provided."/>
        <min value="0"/>
        <max value="1"/>
        <type>
          <code value="ResourceReference"/>
          <profile value="http://hl7.org/fhir/profiles/Questionnaire"/>
        </type>
        <isModifier value="false"/>
        <mapping>
          <identity value="rim"/>
          <map value="./outboundRelationship[typeCode=INST]/target[classCode=OBS, moodCode=DEFN]"/>
        </mapping>
      </definition>
    </element>
    <element>
      <path value="QuestionnaireAnswers.status"/>
      <definition>
        <short value="in progress | completed | amended"/>
        <formal value="The lifecycle status of the questionnaire answers as a whole."/>
        <min value="1"/>
        <max value="1"/>
        <type>
          <code value="code"/>
        </type>
        <isModifier value="true"/>
        <binding>
          <name value="QuestionnaireAnswersStatus"/>
          <isExtensible value="false"/>
          <conformance value="required"/>
          <description value="Lifecycle status of the questionnaire answers"/>
          <referenceResource>
            <reference value="http://hl7.org/fhir/vs/questionnaire-answers-status"/>
          </referenceResource>
        </binding>
        <mapping>
          <identity value="rim"/>
          <map value=".statusCode (also whether there&#39;s a revisionControlAct - and possibly mood to distinguish &quot;in progress&quot; from &quot;published)"/>
        </mapping>
      </definition>
    </element>
    <element>
      <path value="QuestionnaireAnswers.subject"/>
      <definition>
        <short value="The subject of the questions"/>
        <formal value="The subject of the questionnaire answers.  This could be a patient, organization, practitioner, device, etc.  This is who/what the answers apply to, but is not necessarily the source of information."/>
        <min value="0"/>
        <max value="1"/>
        <type>
          <code value="ResourceReference"/>
          <profile value="http://hl7.org/fhir/profiles/Any"/>
        </type>
        <isModifier value="false"/>
        <mapping>
          <identity value="rim"/>
          <map value=".participation[typeCode=SBJ].role"/>
        </mapping>
      </definition>
    </element>
    <element>
      <path value="QuestionnaireAnswers.author"/>
      <definition>
        <short value="Person who received and recorded the answers"/>
        <formal value="Person who received the answers to the questions in the QuestionnaireAnswers and recorded them in the system."/>
        <comments value="Mapping a subject&#39;s answers to multiple choice options and determining what to put in the textual answer is a matter of interpretation."/>
        <min value="0"/>
        <max value="1"/>
        <type>
          <code value="ResourceReference"/>
          <profile value="http://hl7.org/fhir/profiles/Practitioner"/>
        </type>
        <type>
          <code value="ResourceReference"/>
          <profile value="http://hl7.org/fhir/profiles/Patient"/>
        </type>
        <type>
          <code value="ResourceReference"/>
          <profile value="http://hl7.org/fhir/profiles/RelatedPerson"/>
        </type>
        <isModifier value="false"/>
        <mapping>
          <identity value="rim"/>
          <map value=".participation[typeCode=AUT].role"/>
        </mapping>
      </definition>
    </element>
    <element>
      <path value="QuestionnaireAnswers.authored"/>
      <definition>
        <short value="Date this version was authored"/>
        <formal value="The date and/or time that this version of the questionnaire answers was authored."/>
        <comments value="May be different from the update time of the resource itself, because that is the status of the collection and authoring."/>
        <min value="1"/>
        <max value="1"/>
        <type>
          <code value="dateTime"/>
        </type>
        <isModifier value="false"/>
        <mapping>
          <identity value="rim"/>
          <map value=".participation[typeCode=AUT].time"/>
        </mapping>
      </definition>
    </element>
    <element>
      <path value="QuestionnaireAnswers.source"/>
      <definition>
        <short value="The person who answered the questions"/>
        <formal value="The person who answered the questions about the subject. Only used when this is not the subject him/herself."/>
        <min value="0"/>
        <max value="1"/>
        <type>
          <code value="ResourceReference"/>
          <profile value="http://hl7.org/fhir/profiles/Patient"/>
        </type>
        <type>
          <code value="ResourceReference"/>
          <profile value="http://hl7.org/fhir/profiles/Practitioner"/>
        </type>
        <type>
          <code value="ResourceReference"/>
          <profile value="http://hl7.org/fhir/profiles/RelatedPerson"/>
        </type>
        <isModifier value="false"/>
        <mapping>
          <identity value="rim"/>
          <map value=".participation[typeCode=INF].role"/>
        </mapping>
      </definition>
    </element>
    <element>
      <path value="QuestionnaireAnswers.encounter"/>
      <definition>
        <short value="Primary encounter during which the answers were collected"/>
        <formal value="Encounter during which this set of questionnaire answers were collected. When there were multiple encounters, this is the one considered most relevant to the context of the answers."/>
        <min value="0"/>
        <max value="1"/>
        <type>
          <code value="ResourceReference"/>
          <profile value="http://hl7.org/fhir/profiles/Encounter"/>
        </type>
        <isModifier value="false"/>
        <mapping>
          <identity value="rim"/>
          <map value=".inboundRelationship[typeCode=COMP].source[classCode=ENC, moodCode=EVN]"/>
        </mapping>
      </definition>
    </element>
    <element>
      <path value="QuestionnaireAnswers.group"/>
      <definition>
        <short value="Grouped questions"/>
        <formal value="A group of questions to a possibly similarly grouped set of questions in the questionnaire answers."/>
        <comments value="The Questionnaire itself has one &quot;root&quot; group with the actual contents of the Questionnaire."/>
        <min value="0"/>
        <max value="1"/>
        <constraint>
          <key value="1"/>
          <name value="GroupHaveSubOrQuestions"/>
          <severity value="error"/>
          <human value="Groups may either contain questions or groups but not both"/>
          <xpath value="not(exists(f:group) and exists(f:question))"/>
        </constraint>
        <isModifier value="false"/>
        <mapping>
          <identity value="rim"/>
          <map value=".outboundRelationship[typeCode=COMP].target[classCode=OBS, moodCode=EVN]"/>
        </mapping>
      </definition>
    </element>
    <element>
      <path value="QuestionnaireAnswers.group.extension"/>
      <definition>
        <short value="Additional Content defined by implementations"/>
        <formal value="May be used to represent additional information that is not part of the basic definition of the resource. In order to make the use of extensions safe and manageable, there is a strict governance applied to the definition and use of extensions. Though any implementer is allowed to define an extension, there is a set of requirements that SHALL be met as part of the definition of the extension."/>
        <comments value="there can be no stigma associated with the use of extensions by any application, project, or standard - regardless of the institution or jurisdiction that uses or defines the extensions.  The use of extensions is what allows the FHIR specification to retain a core simplicity for everyone."/>
        <synonym value="extensions"/>
        <synonym value="user content"/>
        <min value="0"/>
        <max value="*"/>
        <type>
          <code value="Extension"/>
        </type>
        <isModifier value="false"/>
      </definition>
    </element>
    <element>
      <path value="QuestionnaireAnswers.group.modifierExtension"/>
      <definition>
        <short value="Extensions that cannot be ignored"/>
        <formal value="May be used to represent additional information that is not part of the basic definition of the resource, and that modifies the understanding of the element that contains it. Usually modifier elements provide negation or qualification. In order to make the use of extensions safe and manageable, there is a strict governance applied to the definition and use of extensions. Though any implementer is allowed to define an extension, there is a set of requirements that SHALL be met as part of the definition of the extension. Applications processing a resource are required to check for modifier extensions."/>
        <comments value="there can be no stigma associated with the use of extensions by any application, project, or standard - regardless of the institution or jurisdiction that uses or defines the extensions.  The use of extensions is what allows the FHIR specification to retain a core simplicity for everyone."/>
        <synonym value="extensions"/>
        <synonym value="user content"/>
        <min value="0"/>
        <max value="*"/>
        <type>
          <code value="Extension"/>
        </type>
        <isModifier value="false"/>
      </definition>
    </element>
    <element>
      <path value="QuestionnaireAnswers.group.linkId"/>
      <definition>
        <short value="Corresponding group within Questionnaire"/>
        <formal value="Identifies the group from the Questionnaire that corresponds to this group in the QuestionnaireAnswers resource."/>
        <min value="0"/>
        <max value="1"/>
        <type>
          <code value="string"/>
        </type>
        <isModifier value="false"/>
        <mapping>
          <identity value="rim"/>
          <map value=".outboundRelationship[typeCode=DEFN].target[classCode=OBS, moodCode=DEFN]"/>
        </mapping>
      </definition>
    </element>
    <element>
      <path value="QuestionnaireAnswers.group.title"/>
      <definition>
        <short value="Name for this group"/>
        <formal value="Text that is displayed above the contents of the group."/>
        <comments value="On the root group, this is the title of the questionnaire."/>
        <min value="0"/>
        <max value="1"/>
        <type>
          <code value="string"/>
        </type>
        <isModifier value="false"/>
        <mapping>
          <identity value="rim"/>
          <map value=".title"/>
        </mapping>
      </definition>
    </element>
    <element>
      <path value="QuestionnaireAnswers.group.text"/>
      <definition>
        <short value="Additional text for the group"/>
        <formal value="Additional text for the group, used for display purposes."/>
        <min value="0"/>
        <max value="1"/>
        <type>
          <code value="string"/>
        </type>
        <isModifier value="false"/>
        <mapping>
          <identity value="rim"/>
          <map value=".text"/>
        </mapping>
      </definition>
    </element>
    <element>
      <path value="QuestionnaireAnswers.group.subject"/>
      <definition>
        <short value="The subject this group&#39;s answers are about"/>
        <formal value="More specific subject this section&#39;s answers are about, details the subject given in QuestionnaireAnswers."/>
        <min value="0"/>
        <max value="1"/>
        <type>
          <code value="ResourceReference"/>
          <profile value="http://hl7.org/fhir/profiles/Any"/>
        </type>
        <isModifier value="false"/>
        <mapping>
          <identity value="rim"/>
          <map value=".participation[typeCode=SBJ].role
or
.outboundRelationship[typeCode=SUBJ].target"/>
        </mapping>
      </definition>
    </element>
    <element>
      <path value="QuestionnaireAnswers.group.group"/>
      <definition>
        <short value="Nested questionnaire answers group"/>
        <formal value="A sub-group within a group. The ordering of groups within this group is relevant."/>
        <min value="0"/>
        <max value="*"/>
        <nameReference value="QuestionnaireAnswers.group"/>
        <isModifier value="false"/>
        <mapping>
          <identity value="rim"/>
          <map value=".outboundRelationship[typeCode=COMP].target[classCode=OBS, moodCode=EVN]"/>
        </mapping>
      </definition>
    </element>
    <element>
      <path value="QuestionnaireAnswers.group.question"/>
      <definition>
        <short value="Questions in this group"/>
        <formal value="Set of questions within this group. The order of questions within the group is relevant."/>
        <min value="0"/>
        <max value="*"/>
        <isModifier value="false"/>
        <mapping>
          <identity value="rim"/>
          <map value=".outboundRelationship[typeCode=COMP].target[classCode=OBS, moodCode=EVN or DEF]"/>
        </mapping>
      </definition>
    </element>
    <element>
      <path value="QuestionnaireAnswers.group.question.extension"/>
      <definition>
        <short value="Additional Content defined by implementations"/>
        <formal value="May be used to represent additional information that is not part of the basic definition of the resource. In order to make the use of extensions safe and manageable, there is a strict governance applied to the definition and use of extensions. Though any implementer is allowed to define an extension, there is a set of requirements that SHALL be met as part of the definition of the extension."/>
        <comments value="there can be no stigma associated with the use of extensions by any application, project, or standard - regardless of the institution or jurisdiction that uses or defines the extensions.  The use of extensions is what allows the FHIR specification to retain a core simplicity for everyone."/>
        <synonym value="extensions"/>
        <synonym value="user content"/>
        <min value="0"/>
        <max value="*"/>
        <type>
          <code value="Extension"/>
        </type>
        <isModifier value="false"/>
      </definition>
    </element>
    <element>
      <path value="QuestionnaireAnswers.group.question.modifierExtension"/>
      <definition>
        <short value="Extensions that cannot be ignored"/>
        <formal value="May be used to represent additional information that is not part of the basic definition of the resource, and that modifies the understanding of the element that contains it. Usually modifier elements provide negation or qualification. In order to make the use of extensions safe and manageable, there is a strict governance applied to the definition and use of extensions. Though any implementer is allowed to define an extension, there is a set of requirements that SHALL be met as part of the definition of the extension. Applications processing a resource are required to check for modifier extensions."/>
        <comments value="there can be no stigma associated with the use of extensions by any application, project, or standard - regardless of the institution or jurisdiction that uses or defines the extensions.  The use of extensions is what allows the FHIR specification to retain a core simplicity for everyone."/>
        <synonym value="extensions"/>
        <synonym value="user content"/>
        <min value="0"/>
        <max value="*"/>
        <type>
          <code value="Extension"/>
        </type>
        <isModifier value="false"/>
      </definition>
    </element>
    <element>
      <path value="QuestionnaireAnswers.group.question.linkId"/>
      <definition>
        <short value="Corresponding question within Questionnaire"/>
        <formal value="Identifies the question from the Questionnaire that corresponds to this question in the QuestionnaireAnswers resource."/>
        <min value="0"/>
        <max value="1"/>
        <type>
          <code value="string"/>
        </type>
        <isModifier value="false"/>
        <mapping>
          <identity value="rim"/>
          <map value=".outboundRelationship[typeCode=DEFN].target[classCode=OBS, moodCode=DEFN]"/>
        </mapping>
      </definition>
    </element>
    <element>
      <path value="QuestionnaireAnswers.group.question.text"/>
      <definition>
        <short value="Text of the question as it is shown to the user"/>
        <formal value="Text of the question as it is shown to the user."/>
        <min value="0"/>
        <max value="1"/>
        <type>
          <code value="string"/>
        </type>
        <isModifier value="false"/>
        <mapping>
          <identity value="rim"/>
          <map value=".code.display"/>
        </mapping>
      </definition>
    </element>
    <element>
      <path value="QuestionnaireAnswers.group.question.answer"/>
      <definition>
        <short value="The response(s) to the question"/>
        <formal value="The respondant&#39;s answer(s) to the question."/>
        <comments value="We nest the value because we can&#39;t have a repeating structure that has variable type."/>
        <min value="0"/>
        <max value="*"/>
        <isModifier value="false"/>
        <mapping>
          <identity value="rim"/>
          <map value=".value[type=LIST_ANY]"/>
        </mapping>
      </definition>
    </element>
    <element>
      <path value="QuestionnaireAnswers.group.question.answer.extension"/>
      <definition>
        <short value="Additional Content defined by implementations"/>
        <formal value="May be used to represent additional information that is not part of the basic definition of the resource. In order to make the use of extensions safe and manageable, there is a strict governance applied to the definition and use of extensions. Though any implementer is allowed to define an extension, there is a set of requirements that SHALL be met as part of the definition of the extension."/>
        <comments value="there can be no stigma associated with the use of extensions by any application, project, or standard - regardless of the institution or jurisdiction that uses or defines the extensions.  The use of extensions is what allows the FHIR specification to retain a core simplicity for everyone."/>
        <synonym value="extensions"/>
        <synonym value="user content"/>
        <min value="0"/>
        <max value="*"/>
        <type>
          <code value="Extension"/>
        </type>
        <isModifier value="false"/>
      </definition>
    </element>
    <element>
      <path value="QuestionnaireAnswers.group.question.answer.modifierExtension"/>
      <definition>
        <short value="Extensions that cannot be ignored"/>
        <formal value="May be used to represent additional information that is not part of the basic definition of the resource, and that modifies the understanding of the element that contains it. Usually modifier elements provide negation or qualification. In order to make the use of extensions safe and manageable, there is a strict governance applied to the definition and use of extensions. Though any implementer is allowed to define an extension, there is a set of requirements that SHALL be met as part of the definition of the extension. Applications processing a resource are required to check for modifier extensions."/>
        <comments value="there can be no stigma associated with the use of extensions by any application, project, or standard - regardless of the institution or jurisdiction that uses or defines the extensions.  The use of extensions is what allows the FHIR specification to retain a core simplicity for everyone."/>
        <synonym value="extensions"/>
        <synonym value="user content"/>
        <min value="0"/>
        <max value="*"/>
        <type>
          <code value="Extension"/>
        </type>
        <isModifier value="false"/>
      </definition>
    </element>
    <element>
      <path value="QuestionnaireAnswers.group.question.answer.value[x]"/>
      <definition>
        <short value="Single-valued answer to the question"/>
        <formal value="Single-valued answer to the question."/>
        <min value="0"/>
        <max value="1"/>
        <type>
          <code value="decimal"/>
        </type>
        <type>
          <code value="integer"/>
        </type>
        <type>
          <code value="boolean"/>
        </type>
        <type>
          <code value="date"/>
        </type>
        <type>
          <code value="string"/>
        </type>
        <type>
          <code value="dateTime"/>
        </type>
        <type>
          <code value="instant"/>
        </type>
        <type>
          <code value="Coding"/>
        </type>
        <isModifier value="false"/>
        <mapping>
          <identity value="rim"/>
          <map value=".item"/>
        </mapping>
      </definition>
    </element>
    <element>
      <path value="QuestionnaireAnswers.group.question.group"/>
      <definition>
        <short value="Nested questionnaire group"/>
        <formal value="Nested group, containing nested question for this question. The order of groups within the question is relevant."/>
        <min value="0"/>
        <max value="*"/>
        <nameReference value="QuestionnaireAnswers.group"/>
        <isModifier value="false"/>
        <mapping>
          <identity value="rim"/>
          <map value=".outboundRelationship[typeCode=COMP].target[classCode=DOCSECT, moodCode=EVN]"/>
        </mapping>
      </definition>
    </element>
    <searchParam>
      <name value="_id"/>
      <type value="token"/>
      <documentation value="The logical resource id associated with the resource (must be supported by all servers)"/>
    </searchParam>
    <searchParam>
      <name value="_language"/>
      <type value="token"/>
      <documentation value="The stated language of the resource"/>
    </searchParam>
    <searchParam>
      <name value="author"/>
      <type value="reference"/>
      <documentation value="The author of the questionnaire"/>
      <xpath value="f:QuestionnaireAnswers/f:author"/>
    </searchParam>
    <searchParam>
      <name value="authored"/>
      <type value="date"/>
      <documentation value="When the questionnaire was authored"/>
      <xpath value="f:QuestionnaireAnswers/f:authored"/>
    </searchParam>
    <searchParam>
      <name value="encounter"/>
      <type value="reference"/>
      <documentation value="Encounter during which questionnaire was authored"/>
      <xpath value="f:QuestionnaireAnswers/f:encounter"/>
    </searchParam>
    <searchParam>
      <name value="questionnaire"/>
      <type value="reference"/>
      <documentation value="The questionnaire the answers are provided for"/>
      <xpath value="f:QuestionnaireAnswers/f:questionnaire"/>
    </searchParam>
    <searchParam>
      <name value="status"/>
      <type value="token"/>
      <documentation value="The status of the questionnaire answers"/>
      <xpath value="f:QuestionnaireAnswers/f:status"/>
    </searchParam>
    <searchParam>
      <name value="subject"/>
      <type value="reference"/>
      <documentation value="The subject of the questionnaire"/>
      <xpath value="f:QuestionnaireAnswers/f:subject"/>
    </searchParam>
  </structure>
</Profile>