<?xml version="1.0" encoding="UTF-8"?>

<Profile xmlns="http://hl7.org/fhir">
  <text>
    <status value="generated"/><div xmlns="http://www.w3.org/1999/xhtml"><pre>
&lt;<a title="(informative) A slot of time on a schedule that may be available for booking appointments." class="dict" href="slot-definitions.html#Slot"><b>Slot</b></a> xmlns=&quot;http://hl7.org/fhir&quot;&gt; <span style="float: right"><a title="Documentation for this format" href="formats.html"><img alt="doco" src="help.png"/></a></span>
 &lt;!-- from <a href="resources.html">Resource</a>: <a href="extensibility.html">extension</a>, <a href="extensibility.html#modifierExtension">modifierExtension</a>, language, <a href="narrative.html#Narrative">text</a>, and <a href="references.html#contained">contained</a> --&gt;
 &lt;<a title="External Ids for this item." class="dict" href="slot-definitions.html#Slot.identifier"><b>identifier</b></a>&gt;<span style="color: Gray">&lt;!--</span> <span style="color: brown"><b>0..*</b></span> <span style="color: darkgreen"><a href="datatypes.html#Identifier">Identifier</a></span> <span style="color: navy">External Ids for this item</span><span style="color: Gray"> --&gt;</span>&lt;/identifier&gt;
 &lt;<a title="The type of appointments that can be booked into this slot (ideally this would be an identifiable service - which is at a location, rather than the location itself). If provided then this overrides the value provided on the availability resource." class="dict" href="slot-definitions.html#Slot.type"><b>type</b></a>&gt;<span style="color: Gray">&lt;!--</span> <span style="color: brown"><b>0..1</b></span> <span style="color: darkgreen"><a href="datatypes.html#CodeableConcept">CodeableConcept</a></span> <span style="color: navy">
     The type of appointments that can be booked into this slot (ideally this would be an identifiable service - which is at a location, rather than the location itself). If provided then this overrides the value provided on the availability resource</span><span style="color: Gray"> --&gt;</span>&lt;/type&gt;
 &lt;<a title="The availability resource that this slot defines an interval of status information." class="dict" href="slot-definitions.html#Slot.availability"><b>availability</b></a>&gt;<span style="color: Gray">&lt;!--</span> <span style="color: brown"><b>1..1</b></span> <span style="color: darkgreen"><a href="references.html#Resource">Resource</a>(<a href="availability.html#Availability">Availability</a>)</span> <span style="color: navy">
     The availability resource that this slot defines an interval of status information</span><span style="color: Gray"> --&gt;</span>&lt;/availability&gt;
 &lt;<a title="BUSY | FREE | BUSY-UNAVAILABLE | BUSY-TENTATIVE." class="dict" href="slot-definitions.html#Slot.freeBusyType"><b>freeBusyType</b></a> value=&quot;[<span style="color: darkgreen"><a href="datatypes.html#code">code</a></span>]&quot;/&gt;<span style="color: Gray">&lt;!--</span> <span style="color: brown"><b>1..1</b></span> <span style="color: navy"><a style="color: navy" href="slotstatus.html">BUSY | FREE | BUSY-UNAVAILABLE | BUSY-TENTATIVE</a></span><span style="color: Gray"> --&gt;</span>
 &lt;<a title="Date/Time that the slot is to begin." class="dict" href="slot-definitions.html#Slot.start"><b>start</b></a> value=&quot;[<span style="color: darkgreen"><a href="datatypes.html#instant">instant</a></span>]&quot;/&gt;<span style="color: Gray">&lt;!--</span> <span style="color: brown"><b>1..1</b></span> <span style="color: navy">Date/Time that the slot is to begin</span><span style="color: Gray"> --&gt;</span>
 &lt;<a title="Date/Time that the slot is to conclude." class="dict" href="slot-definitions.html#Slot.end"><b>end</b></a> value=&quot;[<span style="color: darkgreen"><a href="datatypes.html#instant">instant</a></span>]&quot;/&gt;<span style="color: Gray">&lt;!--</span> <span style="color: brown"><b>1..1</b></span> <span style="color: navy">Date/Time that the slot is to conclude</span><span style="color: Gray"> --&gt;</span>
 &lt;<a title="This slot has already been overbooked, appointments are unlikely to be accepted for this time." class="dict" href="slot-definitions.html#Slot.overbooked"><b>overbooked</b></a> value=&quot;[<span style="color: darkgreen"><a href="datatypes.html#boolean">boolean</a></span>]&quot;/&gt;<span style="color: Gray">&lt;!--</span> <span style="color: brown"><b>0..1</b></span> <span style="color: navy">
     This slot has already been overbooked, appointments are unlikely to be accepted for this time</span><span style="color: Gray"> --&gt;</span>
 &lt;<a title="Comments on the slot to describe any extended information. Such as custom constraints on the slot." class="dict" href="slot-definitions.html#Slot.comment"><b>comment</b></a> value=&quot;[<span style="color: darkgreen"><a href="datatypes.html#string">string</a></span>]&quot;/&gt;<span style="color: Gray">&lt;!--</span> <span style="color: brown"><b>0..1</b></span> <span style="color: navy">
     Comments on the slot to describe any extended information. Such as custom constraints on the slot</span><span style="color: Gray"> --&gt;</span>
 &lt;<a title="When this slot was created, or last revised." class="dict" href="slot-definitions.html#Slot.lastModified"><b>lastModified</b></a> value=&quot;[<span style="color: darkgreen"><a href="datatypes.html#dateTime">dateTime</a></span>]&quot;/&gt;<span style="color: Gray">&lt;!--</span> <span style="color: brown"><b>0..1</b></span> <span style="color: navy">When this slot was created, or last revised</span><span style="color: Gray"> --&gt;</span>
&lt;/Slot&gt;
</pre></div>
  </text>
  <identifier value="http://hl7.org/fhir/profile/slot"/>
  <name value="slot"/>
  <publisher value="FHIR Project"/>
  <description value="Basic Profile. (informative) A slot of time on a schedule that may be available for booking appointments."/>
  <status value="draft"/>
  <date value="2014-06-06"/>
  <requirements value="Scope and Usage Slot resources are used to provide time-slots that can be booked using an appointment. They do not provide any information about appointments that are available, just the time, and optionally what the time can be used for. These are effectively spaces of free/busy time. HL7 v2.7 specifies the slot as a part of a schedule (availability in fhir): 

A schedule controls the dates and times available for the performance of a service and/or the use of a resource. One schedule applies to one service or resource, since each service or resource can be reserved independently of the others. (If two or more services, people, locations, or things cannot be reserved independently of one another, they are considered to be one activity or resource.) A schedule consists of slots of time during which the controlled service or resource is potentially available for performance or use. Slots are categorized as open, booked, or blocked. An open slot on a schedule indicates that the service or resource is available for performance or use during that period of time. A booked slot indicates that the service or resource is not available during the time period, because an appointment has been scheduled. A blocked slot indicates that a service or resource is unavailable for reasons other than a scheduled appointment. 

The real-world, non-automated analog of the schedule described above is a standard appointment book. These books are generally organized with rows of time slots, during which a service or resource is available. 

A slot is one unit on a schedule. A slot represents the smallest unit of time or quantity that a service or resource may be booked. Depending on the nature of the service or resource, there may be more than one defined slot at a given instant of time. For example, if a service is an open group therapy session with twelve available seats, then there are twelve slots for the given block of time. 

It is expected that servers could expose this information as an alternate representation using the iCalendar free/busy format."/>
  <mapping>
    <identity value="ical"/>
    <uri value="http://www.ietf.org/rfc/rfc2445.txt"/>
    <name value="iCalendar"/>
  </mapping>
  <mapping>
    <identity value="rim"/>
    <uri value="http://hl7.org/v3"/>
    <name value="RIM"/>
  </mapping>
  <structure>
    <type value="Slot"/>
    <publish value="true"/>
    <element>
      <path value="Slot"/>
      <definition>
        <short value="(informative) A slot of time on a schedule that may be available for booking appointments"/>
        <formal value="(informative) A slot of time on a schedule that may be available for booking appointments."/>
        <min value="1"/>
        <max value="1"/>
        <type>
          <code value="Resource"/>
        </type>
        <isModifier value="false"/>
        <mapping>
          <identity value="ical"/>
          <map value="(refer to the Availability resource for the header mapping details)"/>
        </mapping>
      </definition>
    </element>
    <element>
      <path value="Slot.extension"/>
      <definition>
        <short value="Additional Content defined by implementations"/>
        <formal value="May be used to represent additional information that is not part of the basic definition of the resource. In order to make the use of extensions safe and manageable, there is a strict governance applied to the definition and use of extensions. Though any implementer is allowed to define an extension, there is a set of requirements that SHALL be met as part of the definition of the extension."/>
        <comments value="there can be no stigma associated with the use of extensions by any application, project, or standard - regardless of the institution or jurisdiction that uses or defines the extensions.  The use of extensions is what allows the FHIR specification to retain a core simplicity for everyone."/>
        <synonym value="extensions"/>
        <synonym value="user content"/>
        <min value="0"/>
        <max value="*"/>
        <type>
          <code value="Extension"/>
        </type>
        <isModifier value="false"/>
      </definition>
    </element>
    <element>
      <path value="Slot.modifierExtension"/>
      <definition>
        <short value="Extensions that cannot be ignored"/>
        <formal value="May be used to represent additional information that is not part of the basic definition of the resource, and that modifies the understanding of the element that contains it. Usually modifier elements provide negation or qualification. In order to make the use of extensions safe and manageable, there is a strict governance applied to the definition and use of extensions. Though any implementer is allowed to define an extension, there is a set of requirements that SHALL be met as part of the definition of the extension. Applications processing a resource are required to check for modifier extensions."/>
        <comments value="there can be no stigma associated with the use of extensions by any application, project, or standard - regardless of the institution or jurisdiction that uses or defines the extensions.  The use of extensions is what allows the FHIR specification to retain a core simplicity for everyone."/>
        <synonym value="extensions"/>
        <synonym value="user content"/>
        <min value="0"/>
        <max value="*"/>
        <type>
          <code value="Extension"/>
        </type>
        <isModifier value="false"/>
      </definition>
    </element>
    <element>
      <path value="Slot.text"/>
      <definition>
        <short value="Text summary of the resource, for human interpretation"/>
        <formal value="A human-readable narrative that contains a summary of the resource, and may be used to represent the content of the resource to a human. The narrative need not encode all the structured data, but is required to contain sufficient detail to make it &quot;clinically safe&quot; for a human to just read the narrative. Resource definitions may define what content should be represented in the narrative to ensure clinical safety."/>
        <comments value="Contained resources do not have narrative. Resources that are not contained SHOULD have a narrative."/>
        <synonym value="narrative"/>
        <synonym value="html"/>
        <synonym value="xhtml"/>
        <synonym value="display"/>
        <min value="0"/>
        <max value="1"/>
        <type>
          <code value="Narrative"/>
        </type>
        <isModifier value="false"/>
      </definition>
    </element>
    <element>
      <path value="Slot.contained"/>
      <definition>
        <short value="Contained, inline Resources"/>
        <formal value="These resources do not have an independent existence apart from the resource that contains them - they cannot be identified independently, and nor can they have their own independent transaction scope."/>
        <comments value="This should never be done when the content can be identified properly, as once identification is lost, it is extremely difficult (and context dependent) to restore it again."/>
        <synonym value="inline resources"/>
        <synonym value="anonymous resources"/>
        <synonym value="contained resources"/>
        <min value="0"/>
        <max value="*"/>
        <type>
          <code value="Resource"/>
        </type>
        <isModifier value="false"/>
      </definition>
    </element>
    <element>
      <path value="Slot.identifier"/>
      <definition>
        <short value="External Ids for this item"/>
        <formal value="External Ids for this item."/>
        <min value="0"/>
        <max value="*"/>
        <type>
          <code value="Identifier"/>
        </type>
        <isModifier value="false"/>
        <mapping>
          <identity value="rim"/>
          <map value=".id"/>
        </mapping>
      </definition>
    </element>
    <element>
      <path value="Slot.type"/>
      <definition>
        <short value="The type of appointments that can be booked into this slot (ideally this would be an identifiable service - which is at a location, rather than the location itself). If provided then this overrides the value provided on the availability resource"/>
        <formal value="The type of appointments that can be booked into this slot (ideally this would be an identifiable service - which is at a location, rather than the location itself). If provided then this overrides the value provided on the availability resource."/>
        <min value="0"/>
        <max value="1"/>
        <type>
          <code value="CodeableConcept"/>
        </type>
        <isModifier value="false"/>
      </definition>
    </element>
    <element>
      <path value="Slot.availability"/>
      <definition>
        <short value="The availability resource that this slot defines an interval of status information"/>
        <formal value="The availability resource that this slot defines an interval of status information."/>
        <min value="1"/>
        <max value="1"/>
        <type>
          <code value="ResourceReference"/>
          <profile value="http://hl7.org/fhir/profiles/Availability"/>
        </type>
        <isModifier value="false"/>
      </definition>
    </element>
    <element>
      <path value="Slot.freeBusyType"/>
      <definition>
        <short value="BUSY | FREE | BUSY-UNAVAILABLE | BUSY-TENTATIVE"/>
        <formal value="BUSY | FREE | BUSY-UNAVAILABLE | BUSY-TENTATIVE."/>
        <min value="1"/>
        <max value="1"/>
        <type>
          <code value="code"/>
        </type>
        <isModifier value="false"/>
        <binding>
          <name value="SlotStatus"/>
          <isExtensible value="false"/>
          <conformance value="required"/>
          <description value="The free/busy status of an appointment"/>
          <referenceResource>
            <reference value="http://hl7.org/fhir/vs/slotstatus"/>
          </referenceResource>
        </binding>
        <mapping>
          <identity value="ical"/>
          <map value="FREEBUSY;FBTYPE=(freeBusyType):19980314T233000Z/19980315T003000Z
If the freeBusyType is BUSY, then this value can be excluded"/>
        </mapping>
      </definition>
    </element>
    <element>
      <path value="Slot.start"/>
      <definition>
        <short value="Date/Time that the slot is to begin"/>
        <formal value="Date/Time that the slot is to begin."/>
        <min value="1"/>
        <max value="1"/>
        <type>
          <code value="instant"/>
        </type>
        <isModifier value="false"/>
        <mapping>
          <identity value="ical"/>
          <map value="FREEBUSY;FBTYPE=FREE:(start)/19980315T003000Z
If the freeBusyType is BUSY, then this value can be excluded"/>
        </mapping>
      </definition>
    </element>
    <element>
      <path value="Slot.end"/>
      <definition>
        <short value="Date/Time that the slot is to conclude"/>
        <formal value="Date/Time that the slot is to conclude."/>
        <min value="1"/>
        <max value="1"/>
        <type>
          <code value="instant"/>
        </type>
        <isModifier value="false"/>
        <mapping>
          <identity value="ical"/>
          <map value="FREEBUSY:19980314T233000Z/(end)
If the freeBusyType is BUSY, then this value can be excluded (as shown)"/>
        </mapping>
      </definition>
    </element>
    <element>
      <path value="Slot.overbooked"/>
      <definition>
        <short value="This slot has already been overbooked, appointments are unlikely to be accepted for this time"/>
        <formal value="This slot has already been overbooked, appointments are unlikely to be accepted for this time."/>
        <min value="0"/>
        <max value="1"/>
        <type>
          <code value="boolean"/>
        </type>
        <isModifier value="false"/>
      </definition>
    </element>
    <element>
      <path value="Slot.comment"/>
      <definition>
        <short value="Comments on the slot to describe any extended information. Such as custom constraints on the slot"/>
        <formal value="Comments on the slot to describe any extended information. Such as custom constraints on the slot."/>
        <min value="0"/>
        <max value="1"/>
        <type>
          <code value="string"/>
        </type>
        <isModifier value="false"/>
      </definition>
    </element>
    <element>
      <path value="Slot.lastModified"/>
      <definition>
        <short value="When this slot was created, or last revised"/>
        <formal value="When this slot was created, or last revised."/>
        <min value="0"/>
        <max value="1"/>
        <type>
          <code value="dateTime"/>
        </type>
        <isModifier value="false"/>
      </definition>
    </element>
    <searchParam>
      <name value="_id"/>
      <type value="token"/>
      <documentation value="The logical resource id associated with the resource (must be supported by all servers)"/>
    </searchParam>
    <searchParam>
      <name value="_language"/>
      <type value="token"/>
      <documentation value="The stated language of the resource"/>
    </searchParam>
    <searchParam>
      <name value="availability"/>
      <type value="reference"/>
      <documentation value="The Availability Resource that we are seeking a slot within"/>
      <xpath value="f:Slot/f:availability"/>
    </searchParam>
    <searchParam>
      <name value="fbtype"/>
      <type value="token"/>
      <documentation value="The free/busy status of the appointment"/>
      <xpath value="f:Slot/f:freeBusyType"/>
    </searchParam>
    <searchParam>
      <name value="slottype"/>
      <type value="token"/>
      <documentation value="The type of appointments that can be booked into the slot"/>
      <xpath value="f:Slot/f:type"/>
    </searchParam>
    <searchParam>
      <name value="start"/>
      <type value="date"/>
      <documentation value="Appointment date/time."/>
      <xpath value="f:Slot/f:start"/>
    </searchParam>
  </structure>
</Profile>