<?xml version="1.0" encoding="UTF-8"?>

<Profile xmlns="http://hl7.org/fhir">
  <text>
    <status value="generated"/><div xmlns="http://www.w3.org/1999/xhtml"><div>Type definition for Schedule from <a href="http://hl7.org/fhir/datatypes.html#Schedule">FHIR Specification</a></div></div>
  </text>
  <identifier value="http://hl7.org/fhir/profile/Basic Profile for Schedule"/>
  <name value="Basic Profile for Schedule"/>
  <publisher value="FHIR Specification"/>
  <description value="Basic Profile for Schedule for validation support"/>
  <status value="draft"/>
  <date value="2014-06-06"/>
  <mapping>
    <identity value="rim"/>
    <uri value="http://hl7.org/v3"/>
    <name value="RIM"/>
  </mapping>
  <mapping>
    <identity value="v2"/>
    <uri value="http://hl7.org/v2"/>
    <name value="HL7 v2"/>
  </mapping>
  <structure>
    <type value="Schedule"/>
    <element>
      <path value="Schedule"/>
      <definition>
        <short value="A schedule that specifies an event that may occur multiple times"/>
        <formal value="Specifies an event that may occur multiple times. Schedules are used for to reord when things are expected or requested to occur."/>
        <comments value="A schedule can be either a list of events - intervals on which the event occurs, or a single event with repeating criteria or just repeating criteria with no actual event."/>
        <min value="1"/>
        <max value="1"/>
        <type>
          <code value="Structure"/>
        </type>
        <constraint>
          <key value="1"/>
          <name value="Multiple or repeating events"/>
          <severity value="error"/>
          <human value="There can only be a repeat element if there is none or one event"/>
          <xpath value="not(exists(f:repeat)) or count(f:event) &lt; 2"/>
        </constraint>
        <isModifier value="false"/>
        <mapping>
          <identity value="rim"/>
          <map value="QSET&lt;TS&gt; (GTS)"/>
        </mapping>
        <mapping>
          <identity value="v2"/>
          <map value="N/A"/>
        </mapping>
      </definition>
    </element>
    <element>
      <path value="Schedule.extension"/>
      <definition>
        <short value="Additional Content defined by implementations"/>
        <formal value="May be used to represent additional information that is not part of the basic definition of the resource. In order to make the use of extensions safe and manageable, there is a strict governance applied to the definition and use of extensions. Though any implementer is allowed to define an extension, there is a set of requirements that SHALL be met as part of the definition of the extension."/>
        <comments value="there can be no stigma associated with the use of extensions by any application, project, or standard - regardless of the institution or jurisdiction that uses or defines the extensions.  The use of extensions is what allows the FHIR specification to retain a core simplicity for everyone."/>
        <synonym value="extensions"/>
        <synonym value="user content"/>
        <min value="0"/>
        <max value="*"/>
        <type>
          <code value="Extension"/>
        </type>
        <isModifier value="false"/>
      </definition>
    </element>
    <element>
      <path value="Schedule.modifierExtension"/>
      <definition>
        <short value="Extensions that cannot be ignored"/>
        <formal value="May be used to represent additional information that is not part of the basic definition of the resource, and that modifies the understanding of the element that contains it. Usually modifier elements provide negation or qualification. In order to make the use of extensions safe and manageable, there is a strict governance applied to the definition and use of extensions. Though any implementer is allowed to define an extension, there is a set of requirements that SHALL be met as part of the definition of the extension. Applications processing a resource are required to check for modifier extensions."/>
        <comments value="there can be no stigma associated with the use of extensions by any application, project, or standard - regardless of the institution or jurisdiction that uses or defines the extensions.  The use of extensions is what allows the FHIR specification to retain a core simplicity for everyone."/>
        <synonym value="extensions"/>
        <synonym value="user content"/>
        <min value="0"/>
        <max value="*"/>
        <type>
          <code value="Extension"/>
        </type>
        <isModifier value="false"/>
      </definition>
    </element>
    <element>
      <path value="Schedule.event"/>
      <definition>
        <short value="When the event occurs"/>
        <formal value="Identifies specific time periods when the event should occur."/>
        <min value="0"/>
        <max value="*"/>
        <type>
          <code value="Period"/>
        </type>
        <isModifier value="false"/>
        <mapping>
          <identity value="rim"/>
          <map value="QLIST&lt;TS&gt; or PIVL.offset"/>
        </mapping>
      </definition>
    </element>
    <element>
      <path value="Schedule.repeat"/>
      <definition>
        <short value="Only if there is none or one event"/>
        <formal value="Identifies a repeating pattern to the intended time periods."/>
        <comments value="If present, the Schedule.event indicates the time of the first occurrence."/>
        <min value="0"/>
        <max value="1"/>
        <constraint>
          <key value="3"/>
          <name value="End condition"/>
          <severity value="error"/>
          <human value="At most, only one of count or end can be present"/>
          <xpath value="not(exists(f:count) and exists(f:end))"/>
        </constraint>
        <constraint>
          <key value="2"/>
          <name value="Repeat cycle"/>
          <severity value="error"/>
          <human value="Either frequency or when SHALL be present, but not both"/>
          <xpath value="exists(f:frequency) != exists(f:when)"/>
        </constraint>
        <isModifier value="false"/>
        <mapping>
          <identity value="rim"/>
          <map value="Implies PIVL or EIVL"/>
        </mapping>
      </definition>
    </element>
    <element>
      <path value="Schedule.repeat.extension"/>
      <definition>
        <short value="Additional Content defined by implementations"/>
        <formal value="May be used to represent additional information that is not part of the basic definition of the resource. In order to make the use of extensions safe and manageable, there is a strict governance applied to the definition and use of extensions. Though any implementer is allowed to define an extension, there is a set of requirements that SHALL be met as part of the definition of the extension."/>
        <comments value="there can be no stigma associated with the use of extensions by any application, project, or standard - regardless of the institution or jurisdiction that uses or defines the extensions.  The use of extensions is what allows the FHIR specification to retain a core simplicity for everyone."/>
        <synonym value="extensions"/>
        <synonym value="user content"/>
        <min value="0"/>
        <max value="*"/>
        <type>
          <code value="Extension"/>
        </type>
        <isModifier value="false"/>
      </definition>
    </element>
    <element>
      <path value="Schedule.repeat.modifierExtension"/>
      <definition>
        <short value="Extensions that cannot be ignored"/>
        <formal value="May be used to represent additional information that is not part of the basic definition of the resource, and that modifies the understanding of the element that contains it. Usually modifier elements provide negation or qualification. In order to make the use of extensions safe and manageable, there is a strict governance applied to the definition and use of extensions. Though any implementer is allowed to define an extension, there is a set of requirements that SHALL be met as part of the definition of the extension. Applications processing a resource are required to check for modifier extensions."/>
        <comments value="there can be no stigma associated with the use of extensions by any application, project, or standard - regardless of the institution or jurisdiction that uses or defines the extensions.  The use of extensions is what allows the FHIR specification to retain a core simplicity for everyone."/>
        <synonym value="extensions"/>
        <synonym value="user content"/>
        <min value="0"/>
        <max value="*"/>
        <type>
          <code value="Extension"/>
        </type>
        <isModifier value="false"/>
      </definition>
    </element>
    <element>
      <path value="Schedule.repeat.frequency"/>
      <definition>
        <short value="Event occurs frequency times per duration"/>
        <formal value="Indicates how often the event should occur."/>
        <min value="0"/>
        <max value="1"/>
        <type>
          <code value="integer"/>
        </type>
        <isModifier value="false"/>
        <mapping>
          <identity value="rim"/>
          <map value="PIVL.phase"/>
        </mapping>
      </definition>
    </element>
    <element>
      <path value="Schedule.repeat.when"/>
      <definition>
        <short value="HS | WAKE | AC | ACM | ACD | ACV | PC | PCM | PCD | PCV - common life events"/>
        <formal value="Identifies the occurrence of daily life that determines timing."/>
        <min value="0"/>
        <max value="1"/>
        <type>
          <code value="code"/>
        </type>
        <isModifier value="false"/>
        <binding>
          <name value="EventTiming"/>
          <isExtensible value="false"/>
          <conformance value="required"/>
          <description value="Real world event that the schedule relates to"/>
          <referenceResource>
            <reference value="http://hl7.org/fhir/vs/event-timing"/>
          </referenceResource>
        </binding>
        <mapping>
          <identity value="rim"/>
          <map value="EIVL.event"/>
        </mapping>
      </definition>
    </element>
    <element>
      <path value="Schedule.repeat.duration"/>
      <definition>
        <short value="Repeating or event-related duration"/>
        <formal value="How long each repetition should last."/>
        <min value="1"/>
        <max value="1"/>
        <type>
          <code value="decimal"/>
        </type>
        <constraint>
          <key value="4"/>
          <name value="Duration Positive"/>
          <severity value="error"/>
          <human value="duration SHALL be a positive value"/>
          <xpath value="@value &gt; 0 or not(@value)"/>
        </constraint>
        <isModifier value="false"/>
        <mapping>
          <identity value="rim"/>
          <map value="PIVL.phase / EIVL.offset"/>
        </mapping>
      </definition>
    </element>
    <element>
      <path value="Schedule.repeat.units"/>
      <definition>
        <short value="s | min | h | d | wk | mo | a - unit of time (UCUM)"/>
        <formal value="The units of time for the duration."/>
        <min value="1"/>
        <max value="1"/>
        <type>
          <code value="code"/>
        </type>
        <isModifier value="false"/>
        <binding>
          <name value="UnitsOfTime"/>
          <isExtensible value="false"/>
          <conformance value="required"/>
          <description value="A unit of time (units from UCUM)"/>
          <referenceResource>
            <reference value="http://hl7.org/fhir/vs/units-of-time"/>
          </referenceResource>
        </binding>
        <mapping>
          <identity value="rim"/>
          <map value="PIVL.phase.unit"/>
        </mapping>
      </definition>
    </element>
    <element>
      <path value="Schedule.repeat.count"/>
      <definition>
        <short value="Number of times to repeat"/>
        <formal value="A total count of the desired number of repetitions."/>
        <comments value="An end need not be specified."/>
        <min value="0"/>
        <max value="1"/>
        <type>
          <code value="integer"/>
        </type>
        <isModifier value="false"/>
        <mapping>
          <identity value="rim"/>
          <map value="PIVL.count"/>
        </mapping>
      </definition>
    </element>
    <element>
      <path value="Schedule.repeat.end"/>
      <definition>
        <short value="When to stop repeats"/>
        <formal value="When to stop repeating the schedule."/>
        <comments value="An end need not be specified."/>
        <min value="0"/>
        <max value="1"/>
        <type>
          <code value="dateTime"/>
        </type>
        <isModifier value="false"/>
        <mapping>
          <identity value="rim"/>
          <map value="N/A"/>
        </mapping>
      </definition>
    </element>
  </structure>
</Profile>