{
  "resourceType": "Profile",
  "text": {
    "status": "generated",
    "div": "<div><pre>\r\n&lt;<a title=\"(informative) A container for slot(s) of time that may be available for booking appointments.\" class=\"dict\" href=\"availability-definitions.html#Availability\"><b>Availability</b></a> xmlns=&quot;http://hl7.org/fhir&quot;&gt; <span style=\"float: right\"><a title=\"Documentation for this format\" href=\"formats.html\"><img alt=\"doco\" src=\"help.png\"/></a></span>\r\n &lt;!-- from <a href=\"resources.html\">Resource</a>: <a href=\"extensibility.html\">extension</a>, <a href=\"extensibility.html#modifierExtension\">modifierExtension</a>, language, <a href=\"narrative.html#Narrative\">text</a>, and <a href=\"references.html#contained\">contained</a> --&gt;\r\n &lt;<a title=\"External Ids for this item.\" class=\"dict\" href=\"availability-definitions.html#Availability.identifier\"><b>identifier</b></a>&gt;<span style=\"color: Gray\">&lt;!--</span> <span style=\"color: brown\"><b>0..*</b></span> <span style=\"color: darkgreen\"><a href=\"datatypes.html#Identifier\">Identifier</a></span> <span style=\"color: navy\">External Ids for this item</span><span style=\"color: Gray\"> --&gt;</span>&lt;/identifier&gt;\r\n &lt;<a title=\"The type(s) of appointments that can be booked into slots attached to this availability resource (ideally this would be an identifiable service - which is at a location, rather than the location itself). (This may be over-ridden by a slot itself).\" class=\"dict\" href=\"availability-definitions.html#Availability.type\"><b>type</b></a>&gt;<span style=\"color: Gray\">&lt;!--</span> <span style=\"color: brown\"><b>0..*</b></span> <span style=\"color: darkgreen\"><a href=\"datatypes.html#CodeableConcept\">CodeableConcept</a></span> <a style=\"color: navy\" href=\"v3/ActCode/index.html\">The type(s) of appointments that can be booked into slots attached to this availability resource (ideally this would be an identifiable service - which is at a location, rather than the location itself). (This may be over-ridden by a slot itself)</a><span style=\"color: Gray\"> --&gt;</span>&lt;/type&gt;\r\n &lt;<a title=\"The resource this availability resource is providing availability information for. These are expected to usually be one of Location, Practitioner, Device, Patient or RelatedPerson.\" class=\"dict\" href=\"availability-definitions.html#Availability.individual\"><b>individual</b></a>&gt;<span style=\"color: Gray\">&lt;!--</span> <span style=\"color: brown\"><b>1..1</b></span> <span style=\"color: darkgreen\"><a href=\"references.html#Resource\">Resource</a>(<a href=\"resourcelist.html\">Any</a>)</span> <span style=\"color: navy\">\r\n     The resource this availability resource is providing availability information for. These are expected to usually be one of Location, Practitioner, Device, Patient or RelatedPerson</span><span style=\"color: Gray\"> --&gt;</span>&lt;/individual&gt;\r\n &lt;<a title=\"The period of time that the slots that are attached to this availability resource cover (even if none exist). These  cover the amount of time that an organization's planning horizon; the interval for which they are currently accepting appointments. This does not define a &quot;template&quot; for planning outside these dates.\" class=\"dict\" href=\"availability-definitions.html#Availability.planningHorizon\"><b>planningHorizon</b></a>&gt;<span style=\"color: Gray\">&lt;!--</span> <span style=\"color: brown\"><b>0..1</b></span> <span style=\"color: darkgreen\"><a href=\"datatypes.html#Period\">Period</a></span> <span style=\"color: navy\">\r\n     The period of time that the slots that are attached to this availability resource cover (even if none exist). These  cover the amount of time that an organization's planning horizon; the interval for which they are currently accepting appointments. This does not define a &quot;template&quot; for planning outside these dates</span><span style=\"color: Gray\"> --&gt;</span>&lt;/planningHorizon&gt;\r\n &lt;<a title=\"Comments on the availability to describe any extended information. Such as custom constraints on the slot(s) that may be associated.\" class=\"dict\" href=\"availability-definitions.html#Availability.comment\"><b>comment</b></a> value=&quot;[<span style=\"color: darkgreen\"><a href=\"datatypes.html#string\">string</a></span>]&quot;/&gt;<span style=\"color: Gray\">&lt;!--</span> <span style=\"color: brown\"><b>0..1</b></span> <span style=\"color: navy\">\r\n     Comments on the availability to describe any extended information. Such as custom constraints on the slot(s) that may be associated</span><span style=\"color: Gray\"> --&gt;</span>\r\n &lt;<a title=\"When this availability was created, or last revised.\" class=\"dict\" href=\"availability-definitions.html#Availability.lastModified\"><b>lastModified</b></a> value=&quot;[<span style=\"color: darkgreen\"><a href=\"datatypes.html#dateTime\">dateTime</a></span>]&quot;/&gt;<span style=\"color: Gray\">&lt;!--</span> <span style=\"color: brown\"><b>0..1</b></span> <span style=\"color: navy\">When this availability was created, or last revised</span><span style=\"color: Gray\"> --&gt;</span>\r\n&lt;/Availability&gt;\r\n</pre></div>"
  },
  "identifier": "http://hl7.org/fhir/profile/availability",
  "name": "availability",
  "publisher": "FHIR Project",
  "description": "Basic Profile. (informative) A container for slot(s) of time that may be available for booking appointments.",
  "status": "draft",
  "date": "2014-06-06",
  "requirements": "Scope and Usage Availability resources provide a container for time-slots that can be booked using an appointment, It provides the window of time (period) that slots are defined for and what type of appointments can be booked. They do not provide any information about actual appointments. \r\n\r\nIn HL7 v2.7 (and the RIM) this resource is defined as a schedule (which in fhir is a simple recurrence): \r\n\r\nA schedule controls the dates and times available for the performance of a service and/or the use of a resource. One schedule applies to one service or resource, since each service or resource can be reserved independently of the others. (If two or more services, people, locations, or things cannot be reserved independently of one another, they are considered to be one activity or resource.) A schedule consists of slots of time during which the controlled service or resource is potentially available for performance or use. Slots are categorized as open, booked, or blocked. An open slot on a schedule indicates that the service or resource is available for performance or use during that period of time. A booked slot indicates that the service or resource is not available during the time period, because an appointment has been scheduled. A blocked slot indicates that a service or resource is unavailable for reasons other than a scheduled appointment. \r\n\r\nThe real-world, non-automated analog of the schedule described above is a standard appointment book. These books are generally organized with rows of time slots, during which a service or resource is available. \r\n\r\nA slot is one unit on a schedule. A slot represents the smallest unit of time or quantity that a service or resource may be booked. Depending on the nature of the service or resource, there may be more than one defined slot at a given instant of time. For example, if a service is an open group therapy session with twelve available seats, then there are twelve slots for the given block of time. \r\n\r\nIt is expected that servers could expose this information as an alternate representation using the iCalendar free/busy format, joining the information in slot resources that reference this availability resource.",
  "mapping": [
    {
      "identity": "ical",
      "uri": "http://www.ietf.org/rfc/rfc2445.txt",
      "name": "iCalendar"
    },
    {
      "identity": "rim",
      "uri": "http://hl7.org/v3",
      "name": "RIM"
    }
  ],
  "structure": [
    {
      "type": "Availability",
      "publish": true,
      "element": [
        {
          "path": "Availability",
          "definition": {
            "short": "(informative) A container for slot(s) of time that may be available for booking appointments",
            "formal": "(informative) A container for slot(s) of time that may be available for booking appointments.",
            "min": 1,
            "max": "1",
            "type": [
              {
                "code": "Resource"
              }
            ],
            "isModifier": false,
            "mapping": [
              {
                "identity": "ical",
                "map": "BEGIN:VFREEBUSY  …  END:VFREEBUSY\n(If your fhir server provides this information via calDAV, then you may want to include addressing information in a URL section, and with the search, a DTSTART and DTEND component can be included to indicate the range of time that has been covered in the collection of slots, where these overlap the resources period values. For all slots that reference this resource, include a FREEBUSY row for each slot)"
              }
            ]
          }
        },
        {
          "path": "Availability.extension",
          "definition": {
            "short": "Additional Content defined by implementations",
            "formal": "May be used to represent additional information that is not part of the basic definition of the resource. In order to make the use of extensions safe and manageable, there is a strict governance applied to the definition and use of extensions. Though any implementer is allowed to define an extension, there is a set of requirements that SHALL be met as part of the definition of the extension.",
            "comments": "there can be no stigma associated with the use of extensions by any application, project, or standard - regardless of the institution or jurisdiction that uses or defines the extensions.  The use of extensions is what allows the FHIR specification to retain a core simplicity for everyone.",
            "synonym": [
              "extensions",
              "user content"
            ],
            "min": 0,
            "max": "*",
            "type": [
              {
                "code": "Extension"
              }
            ],
            "isModifier": false
          }
        },
        {
          "path": "Availability.modifierExtension",
          "definition": {
            "short": "Extensions that cannot be ignored",
            "formal": "May be used to represent additional information that is not part of the basic definition of the resource, and that modifies the understanding of the element that contains it. Usually modifier elements provide negation or qualification. In order to make the use of extensions safe and manageable, there is a strict governance applied to the definition and use of extensions. Though any implementer is allowed to define an extension, there is a set of requirements that SHALL be met as part of the definition of the extension. Applications processing a resource are required to check for modifier extensions.",
            "comments": "there can be no stigma associated with the use of extensions by any application, project, or standard - regardless of the institution or jurisdiction that uses or defines the extensions.  The use of extensions is what allows the FHIR specification to retain a core simplicity for everyone.",
            "synonym": [
              "extensions",
              "user content"
            ],
            "min": 0,
            "max": "*",
            "type": [
              {
                "code": "Extension"
              }
            ],
            "isModifier": false
          }
        },
        {
          "path": "Availability.text",
          "definition": {
            "short": "Text summary of the resource, for human interpretation",
            "formal": "A human-readable narrative that contains a summary of the resource, and may be used to represent the content of the resource to a human. The narrative need not encode all the structured data, but is required to contain sufficient detail to make it \"clinically safe\" for a human to just read the narrative. Resource definitions may define what content should be represented in the narrative to ensure clinical safety.",
            "comments": "Contained resources do not have narrative. Resources that are not contained SHOULD have a narrative.",
            "synonym": [
              "narrative",
              "html",
              "xhtml",
              "display"
            ],
            "min": 0,
            "max": "1",
            "type": [
              {
                "code": "Narrative"
              }
            ],
            "isModifier": false
          }
        },
        {
          "path": "Availability.contained",
          "definition": {
            "short": "Contained, inline Resources",
            "formal": "These resources do not have an independent existence apart from the resource that contains them - they cannot be identified independently, and nor can they have their own independent transaction scope.",
            "comments": "This should never be done when the content can be identified properly, as once identification is lost, it is extremely difficult (and context dependent) to restore it again.",
            "synonym": [
              "inline resources",
              "anonymous resources",
              "contained resources"
            ],
            "min": 0,
            "max": "*",
            "type": [
              {
                "code": "Resource"
              }
            ],
            "isModifier": false
          }
        },
        {
          "path": "Availability.identifier",
          "definition": {
            "short": "External Ids for this item",
            "formal": "External Ids for this item.",
            "min": 0,
            "max": "*",
            "type": [
              {
                "code": "Identifier"
              }
            ],
            "isModifier": false,
            "mapping": [
              {
                "identity": "rim",
                "map": ".id"
              },
              {
                "identity": "ical",
                "map": "UID"
              }
            ]
          }
        },
        {
          "path": "Availability.type",
          "definition": {
            "short": "The type(s) of appointments that can be booked into slots attached to this availability resource (ideally this would be an identifiable service - which is at a location, rather than the location itself). (This may be over-ridden by a slot itself)",
            "formal": "The type(s) of appointments that can be booked into slots attached to this availability resource (ideally this would be an identifiable service - which is at a location, rather than the location itself). (This may be over-ridden by a slot itself).",
            "min": 0,
            "max": "*",
            "type": [
              {
                "code": "CodeableConcept"
              }
            ],
            "isModifier": false,
            "binding": {
              "name": "ActType",
              "isExtensible": true,
              "conformance": "preferred",
              "description": "The type of appointments that can be booked on the slots that are associated with this availability resource (however the slot can over-ride this value)",
              "referenceResource": {
                "reference": "http://hl7.org/fhir/v3/vs/ActCode"
              }
            },
            "mapping": [
              {
                "identity": "ical",
                "map": "n/a"
              }
            ]
          }
        },
        {
          "path": "Availability.individual",
          "definition": {
            "short": "The resource this availability resource is providing availability information for. These are expected to usually be one of Location, Practitioner, Device, Patient or RelatedPerson",
            "formal": "The resource this availability resource is providing availability information for. These are expected to usually be one of Location, Practitioner, Device, Patient or RelatedPerson.",
            "min": 1,
            "max": "1",
            "type": [
              {
                "code": "ResourceReference",
                "profile": "http://hl7.org/fhir/profiles/Any"
              }
            ],
            "isModifier": false,
            "mapping": [
              {
                "identity": "ical",
                "map": "ATTENDEE:MAILTO:john_public@host2.com\nThis can be populated with a value from the referenced resource"
              }
            ]
          }
        },
        {
          "path": "Availability.planningHorizon",
          "definition": {
            "short": "The period of time that the slots that are attached to this availability resource cover (even if none exist). These  cover the amount of time that an organization's planning horizon; the interval for which they are currently accepting appointments. This does not define a \"template\" for planning outside these dates",
            "formal": "The period of time that the slots that are attached to this availability resource cover (even if none exist). These  cover the amount of time that an organization's planning horizon; the interval for which they are currently accepting appointments. This does not define a \"template\" for planning outside these dates.",
            "min": 0,
            "max": "1",
            "type": [
              {
                "code": "Period"
              }
            ],
            "isModifier": false,
            "mapping": [
              {
                "identity": "ical",
                "map": "DTSTART:20131201T003000Z\nDTEND:2014030101T003000Z"
              }
            ]
          }
        },
        {
          "path": "Availability.comment",
          "definition": {
            "short": "Comments on the availability to describe any extended information. Such as custom constraints on the slot(s) that may be associated",
            "formal": "Comments on the availability to describe any extended information. Such as custom constraints on the slot(s) that may be associated.",
            "min": 0,
            "max": "1",
            "type": [
              {
                "code": "string"
              }
            ],
            "isModifier": false,
            "mapping": [
              {
                "identity": "ical",
                "map": "COMMENT:(comment)\nIf there is no comment, then the line can be excluded from the iCalendar entry"
              }
            ]
          }
        },
        {
          "path": "Availability.lastModified",
          "definition": {
            "short": "When this availability was created, or last revised",
            "formal": "When this availability was created, or last revised.",
            "min": 0,
            "max": "1",
            "type": [
              {
                "code": "dateTime"
              }
            ],
            "isModifier": false,
            "mapping": [
              {
                "identity": "ical",
                "map": "DTSTAMP:19970901T083000Z\n(Server may consider updating this date to the latest date on the slots)"
              }
            ]
          }
        }
      ],
      "searchParam": [
        {
          "name": "_id",
          "type": "token",
          "documentation": "The logical resource id associated with the resource (must be supported by all servers)"
        },
        {
          "name": "_language",
          "type": "token",
          "documentation": "The stated language of the resource"
        },
        {
          "name": "date",
          "type": "date",
          "documentation": "Search for availability resources that have a period that contains this date specified",
          "xpath": "f:Availability/f:planningHorizon"
        },
        {
          "name": "individual",
          "type": "reference",
          "documentation": "The individual to find an availability for",
          "xpath": "f:Availability/f:individual"
        },
        {
          "name": "type",
          "type": "token",
          "documentation": "The type of appointments that can be booked into associated slot(s)",
          "xpath": "f:Availability/f:type"
        }
      ]
    }
  ]
}