{"resourceType":"DataElement","extension":[{"url":"http://hl7.org/fhir/Profile/element-extensions#minLength","valueInteger":1},{"url":"http://hl7.org/fhir/Profile/element-extensions#maxLength","valueInteger":13}],"text":{"status":"generated","div":"<div>\n      <p>\n        <b>Gender Code</b>: The code representing the gender of a person</p>\n      <table>\n        <tbody>\n          <tr>\n            <th>Code</th>\n            <th>Display</th>\n            <th>Definition</th>\n          </tr>\n          <tr>\n            <td>0</td>\n            <td>Unknown</td>\n            <td>Not known, not observed, not recorded, or refused.</td>\n          </tr>\n          <tr>\n            <td>1</td>\n            <td>Male</td>\n            <td>A person who belongs to the sex that normally produces sperm. The term is used to indicate biological sex distinctions, cultural gender role distinctions, or both.</td>\n          </tr>\n          <tr>\n            <td>2</td>\n            <td>Female</td>\n            <td>A person who belongs to the sex that normally produces ova. The term is used to indicate biological sex distinctions, or cultural gender role distinctions, or both.</td>\n          </tr>\n          <tr>\n            <td>3</td>\n            <td>Not specified</td>\n            <td>Not specified</td>\n          </tr>\n        </tbody>\n      </table>\n    </div>"},"contained":[{"resourceType":"ValueSet","_id":"2179414","identifier":"2179414","version":"1.0","name":"Gender Code","description":"All codes representing the gender of a person.","status":"active","define":{"system":"http://example.org/fhir/2179414","concept":[{"code":"0","display":"Unknown","definition":"Not known, not observed, not recorded, or refused. "},{"code":"1","display":"Male","definition":"A person who belongs to the sex that normally produces sperm. The term is used to indicate biological sex distinctions, cultural gender role distinctions, or both."},{"code":"2","display":"Female","definition":"A person who belongs to the sex that normally produces ova. The term is used to indicate biological sex distinctions, or cultural gender role distinctions, or both."},{"code":"3","display":"Not specified","definition":"Not specified"}]}},{"resourceType":"ConceptMap","_id":"2179414-cm","name":"TODO - remove","status":"active","sourceResource":{"reference":"#2179414"},"targetUri":"http://ncit.nci.nih.gov","element":[{"codeSystem":"http://example.org/fhir/2179414","code":"0","map":[{"code":"C17998","equivalence":"equal"}]},{"codeSystem":"http://example.org/fhir/2179414","code":"1","map":[{"code":"C20197","equivalence":"equal"}]},{"codeSystem":"http://example.org/fhir/2179414","code":"2","map":[{"code":"C16576","equivalence":"equal"}]}]}],"identifier":"2179650","version":"1.0","publisher":"DCP","status":"active","name":"Gender Code","category":[{"coding":[{"system":"http://unknown/FBPP","display":"FBPP Pooled Database"},{"system":"http://unknown/PhenX","display":"Demographics"},{"system":"http://unknown/Eligibility Criteria","display":"Pt. Administrative"},{"system":"http://unknown/UAMS Clinical Research","display":"UAMS New CDEs"},{"system":"http://unknown/PhenX","display":"Substance Abuse and "},{"system":"http://unknown/Category","display":"CSAERS Adverse Event"},{"system":"http://unknown/PhenX","display":"Core: Tier 1"},{"system":"http://unknown/Category","display":"Case Report Forms"},{"system":"http://unknown/Category","display":"CSAERS Review Set"},{"system":"http://unknown/Demonstration%20Applications","display":"CIAF"},{"system":"http://unknown/NIDA%20CTN%20Usage","display":"Clinical Research"},{"system":"http://unknown/NIDA%20CTN%20Usage","display":"Electronic Health Re"},{"system":"http://unknown/Condition","display":"Barretts Esophagus"},{"system":"http://unknown/Condition","display":"Bladder Cancer"},{"system":"http://unknown/Condition","display":"Oral Leukoplakia"},{"system":"http://unknown/Condition","display":"Sulindac for Breast"}]}],"question":"Gender","definition":"The code representing the gender of a person.","type":"CodeableConcept","binding":{"isExtensible":false,"conformance":"required","valueSet":{"reference":"#2179414"}}}