{
  "resourceType": "ValueSet",
  "text": {
    "status": "generated",
    "div": "<div><h2>NarrativeStatus</h2><p>The status of a resource narrative</p><p>This value set defines its own terms in the system http://hl7.org/fhir/narrative-status</p><table><tr><td><b>Code</b></td><td><b>Display</b></td><td><b>Definition</b></td></tr><tr><td>generated<a name=\"generated\"> </a></td><td/><td>The contents of the narrative are entirely generated from the structured data in the resource.</td></tr><tr><td>extensions<a name=\"extensions\"> </a></td><td/><td>The contents of the narrative are entirely generated from the structured data in the resource and some of the content is generated from extensions.</td></tr><tr><td>additional<a name=\"additional\"> </a></td><td/><td>The contents of the narrative contain additional information not found in the structured data.</td></tr><tr><td>empty<a name=\"empty\"> </a></td><td/><td>the contents of the narrative are some equivalent of &quot;No human-readable text provided for this resource&quot;.</td></tr></table></div>"
  },
  "identifier": "http://hl7.org/fhir/vs/narrative-status",
  "name": "NarrativeStatus",
  "publisher": "HL7 (FHIR Project)",
  "telecom": [
    {
      "system": "url",
      "value": "http://hl7.org/fhir"
    },
    {
      "system": "email",
      "value": "fhir@lists.hl7.org"
    }
  ],
  "description": "The status of a resource narrative",
  "status": "draft",
  "date": "2014-06-06T13:26:33.255-00:00",
  "define": {
    "system": "http://hl7.org/fhir/narrative-status",
    "caseSensitive": true,
    "concept": [
      {
        "code": "generated",
        "definition": "The contents of the narrative are entirely generated from the structured data in the resource."
      },
      {
        "code": "extensions",
        "definition": "The contents of the narrative are entirely generated from the structured data in the resource and some of the content is generated from extensions."
      },
      {
        "code": "additional",
        "definition": "The contents of the narrative contain additional information not found in the structured data."
      },
      {
        "code": "empty",
        "definition": "the contents of the narrative are some equivalent of \"No human-readable text provided for this resource\"."
      }
    ]
  }
}