{
  "resourceType": "ValueSet",
  "text": {
    "status": "generated",
    "div": "<div><h2>ProcedureRelationshipType</h2><p>The nature of the relationship with this procedure</p><p>This value set defines its own terms in the system http://hl7.org/fhir/procedure-relationship-type</p><table><tr><td><b>Code</b></td><td><b>Display</b></td><td><b>Definition</b></td></tr><tr><td>caused-by<a name=\"caused-by\"> </a></td><td/><td>This procedure had to be performed because of the related one.</td></tr><tr><td>because-of<a name=\"because-of\"> </a></td><td/><td>This procedure caused the related one to be performed.</td></tr></table></div>"
  },
  "identifier": "http://hl7.org/fhir/vs/procedure-relationship-type",
  "name": "ProcedureRelationshipType",
  "publisher": "HL7 (FHIR Project)",
  "telecom": [
    {
      "system": "url",
      "value": "http://hl7.org/fhir"
    },
    {
      "system": "email",
      "value": "fhir@lists.hl7.org"
    }
  ],
  "description": "The nature of the relationship with this procedure",
  "status": "draft",
  "date": "2014-06-06T13:26:33.250-00:00",
  "define": {
    "system": "http://hl7.org/fhir/procedure-relationship-type",
    "caseSensitive": true,
    "concept": [
      {
        "code": "caused-by",
        "definition": "This procedure had to be performed because of the related one."
      },
      {
        "code": "because-of",
        "definition": "This procedure caused the related one to be performed."
      }
    ]
  }
}