{"resourceType":"Questionnaire","text":{"status":"generated","div":"<div>\n      <pre>\n            Comorbidity? YES\n              Cardial Comorbidity? YES\n                Angina? YES\n                MI? NO\n              Vascular Comorbidity?\n                (no answers)\n              ...\n            Histopathology\n              Abdominal\n                pT category: 1a\n              ...\n          </pre>\n    </div>"},"contained":[{"resourceType":"ValueSet","_id":"yesno","name":"Example YesNo","description":"Captures simple yes-no","status":"active","define":{"system":"http://example.org/system/code/yesno","concept":[{"code":"1","display":"Yes"},{"code":"2","display":"No"}]}}],"status":"draft","date":"2012-01","group":{"title":"Cancer Quality Forum Questionnaire 2012","group":[{"concept":[{"system":"http://example.org/system/code/sections","code":"COMORBIDITY"}],"question":[{"concept":[{"system":"http://example.org/system/code/questions","code":"COMORB"}],"type":"choice","options":{"reference":"#yesno"},"group":[{"concept":[{"system":"http://example.org/system/code/sections","code":"CARDIAL"}],"question":[{"concept":[{"system":"http://example.org/system/code/questions","code":"COMORBCAR"}],"type":"choice","options":{"reference":"#yesno"}},{"concept":[{"system":"http://example.org/system/code/questions","code":"COMCAR00","display":"Angina Pectoris"},{"system":"http://snomed.info/sct","code":"194828000","display":"Angina (disorder)"}],"type":"choice","options":{"reference":"#yesno"}},{"concept":[{"system":"http://snomed.info/sct","code":"22298006","display":"Myocardial infarction (disorder)"}],"type":"choice","options":{"reference":"#yesno"}}]},{"concept":[{"system":"http://example.org/system/code/sections","code":"VASCULAR"}]}]}]},{"concept":[{"system":"http://example.org/system/code/sections","code":"HISTOPATHOLOGY"}],"group":[{"concept":[{"system":"http://example.org/system/code/sections","code":"ABDOMINAL"}],"question":[{"concept":[{"system":"http://example.org/system/code/questions","code":"STADPT","display":"pT category"}]}]}]}]}}