{
  "resourceType": "ValueSet",
  "text": {
    "status": "generated",
    "div": "<div><h2>ResourceDataElementStatus</h2><p>The lifecycle status of a Resource data element</p><p>This value set defines its own terms in the system http://hl7.org/fhir/resource-observation-def-status</p><table><tr><td><b>Code</b></td><td><b>Display</b></td><td><b>Definition</b></td></tr><tr><td>draft<a name=\"draft\"> </a></td><td/><td>This data element is still under development.</td></tr><tr><td>active<a name=\"active\"> </a></td><td/><td>This data element is ready for normal use.</td></tr><tr><td>retired<a name=\"retired\"> </a></td><td/><td>This data element has been deprecated, withdrawn or superseded and should no longer be used.</td></tr></table></div>"
  },
  "identifier": "http://hl7.org/fhir/vs/resource-observation-def-status",
  "name": "ResourceDataElementStatus",
  "publisher": "HL7 (FHIR Project)",
  "telecom": [
    {
      "system": "url",
      "value": "http://hl7.org/fhir"
    },
    {
      "system": "email",
      "value": "fhir@lists.hl7.org"
    }
  ],
  "description": "The lifecycle status of a Resource data element",
  "status": "draft",
  "date": "2014-06-06T13:26:33.261-00:00",
  "define": {
    "system": "http://hl7.org/fhir/resource-observation-def-status",
    "caseSensitive": true,
    "concept": [
      {
        "code": "draft",
        "definition": "This data element is still under development."
      },
      {
        "code": "active",
        "definition": "This data element is ready for normal use."
      },
      {
        "code": "retired",
        "definition": "This data element has been deprecated, withdrawn or superseded and should no longer be used."
      }
    ]
  }
}