{
  "resourceType": "Profile",
  "text": {
    "status": "generated",
    "div": "<div><div>Type definition for Extension from <a href=\"http://hl7.org/fhir/datatypes.html#Extension\">FHIR Specification</a></div></div>"
  },
  "identifier": "http://hl7.org/fhir/profile/Basic Profile for Extension",
  "name": "Basic Profile for Extension",
  "publisher": "FHIR Specification",
  "description": "Basic Profile for Extension for validation support",
  "status": "draft",
  "date": "2014-06-06",
  "mapping": [
    {
      "identity": "rim",
      "uri": "http://hl7.org/v3",
      "name": "RIM"
    }
  ],
  "structure": [
    {
      "type": "Extension",
      "element": [
        {
          "path": "Extension",
          "definition": {
            "short": "Optional Extensions Element - found in all resources.",
            "formal": "Optional Extensions Element - found in all resources.",
            "min": 1,
            "max": "1",
            "type": [
              {
                "code": "Type"
              }
            ],
            "isModifier": false,
            "mapping": [
              {
                "identity": "rim",
                "map": "N/A"
              }
            ]
          }
        },
        {
          "path": "Extension.extension",
          "definition": {
            "short": "Additional Content defined by implementations",
            "formal": "May be used to represent additional information that is not part of the basic definition of the resource. In order to make the use of extensions safe and manageable, there is a strict governance applied to the definition and use of extensions. Though any implementer is allowed to define an extension, there is a set of requirements that SHALL be met as part of the definition of the extension.",
            "comments": "there can be no stigma associated with the use of extensions by any application, project, or standard - regardless of the institution or jurisdiction that uses or defines the extensions.  The use of extensions is what allows the FHIR specification to retain a core simplicity for everyone.",
            "synonym": [
              "extensions",
              "user content"
            ],
            "min": 0,
            "max": "*",
            "type": [
              {
                "code": "Extension"
              }
            ],
            "isModifier": false
          }
        },
        {
          "path": "Extension.modifierExtension",
          "definition": {
            "short": "Extensions that cannot be ignored",
            "formal": "May be used to represent additional information that is not part of the basic definition of the resource, and that modifies the understanding of the element that contains it. Usually modifier elements provide negation or qualification. In order to make the use of extensions safe and manageable, there is a strict governance applied to the definition and use of extensions. Though any implementer is allowed to define an extension, there is a set of requirements that SHALL be met as part of the definition of the extension. Applications processing a resource are required to check for modifier extensions.",
            "comments": "there can be no stigma associated with the use of extensions by any application, project, or standard - regardless of the institution or jurisdiction that uses or defines the extensions.  The use of extensions is what allows the FHIR specification to retain a core simplicity for everyone.",
            "synonym": [
              "extensions",
              "user content"
            ],
            "min": 0,
            "max": "*",
            "type": [
              {
                "code": "Extension"
              }
            ],
            "isModifier": false
          }
        },
        {
          "path": "Extension.url",
          "representation": [
            "xmlAttr"
          ],
          "definition": {
            "short": "identifies the meaning of the extension",
            "formal": "Source of the definition for the extension code - a logical name or a URL.",
            "comments": "The definition may point directly to a computable or human-readable definition of the extensibility codes, or it may be a logical URI as declared in some other specification. The definition should be version specific.  This will ideally be the URI for the Resource Profile defining the extension, with the code for the extension after a #.",
            "min": 1,
            "max": "1",
            "type": [
              {
                "code": "uri"
              }
            ],
            "isModifier": false,
            "mapping": [
              {
                "identity": "rim",
                "map": "N/A"
              }
            ]
          }
        },
        {
          "path": "Extension.value[x]",
          "definition": {
            "short": "Value of extension",
            "formal": "Value of extension - may be a resource or one of a constrained set of the data types (see Extensibility in the spec for list).",
            "min": 0,
            "max": "1",
            "type": [
              {
                "code": "*"
              }
            ],
            "isModifier": false,
            "mapping": [
              {
                "identity": "rim",
                "map": "N/A"
              }
            ]
          }
        }
      ]
    }
  ]
}