{
  "resourceType": "Profile",
  "text": {
    "status": "generated",
    "div": "<div><div>Type definition for Schedule from <a href=\"http://hl7.org/fhir/datatypes.html#Schedule\">FHIR Specification</a></div></div>"
  },
  "identifier": "http://hl7.org/fhir/profile/Basic Profile for Schedule",
  "name": "Basic Profile for Schedule",
  "publisher": "FHIR Specification",
  "description": "Basic Profile for Schedule for validation support",
  "status": "draft",
  "date": "2014-06-06",
  "mapping": [
    {
      "identity": "rim",
      "uri": "http://hl7.org/v3",
      "name": "RIM"
    },
    {
      "identity": "v2",
      "uri": "http://hl7.org/v2",
      "name": "HL7 v2"
    }
  ],
  "structure": [
    {
      "type": "Schedule",
      "element": [
        {
          "path": "Schedule",
          "definition": {
            "short": "A schedule that specifies an event that may occur multiple times",
            "formal": "Specifies an event that may occur multiple times. Schedules are used for to reord when things are expected or requested to occur.",
            "comments": "A schedule can be either a list of events - intervals on which the event occurs, or a single event with repeating criteria or just repeating criteria with no actual event.",
            "min": 1,
            "max": "1",
            "type": [
              {
                "code": "Structure"
              }
            ],
            "constraint": [
              {
                "key": "1",
                "name": "Multiple or repeating events",
                "severity": "error",
                "human": "There can only be a repeat element if there is none or one event",
                "xpath": "not(exists(f:repeat)) or count(f:event) < 2"
              }
            ],
            "isModifier": false,
            "mapping": [
              {
                "identity": "rim",
                "map": "QSET<TS> (GTS)"
              },
              {
                "identity": "v2",
                "map": "N/A"
              }
            ]
          }
        },
        {
          "path": "Schedule.extension",
          "definition": {
            "short": "Additional Content defined by implementations",
            "formal": "May be used to represent additional information that is not part of the basic definition of the resource. In order to make the use of extensions safe and manageable, there is a strict governance applied to the definition and use of extensions. Though any implementer is allowed to define an extension, there is a set of requirements that SHALL be met as part of the definition of the extension.",
            "comments": "there can be no stigma associated with the use of extensions by any application, project, or standard - regardless of the institution or jurisdiction that uses or defines the extensions.  The use of extensions is what allows the FHIR specification to retain a core simplicity for everyone.",
            "synonym": [
              "extensions",
              "user content"
            ],
            "min": 0,
            "max": "*",
            "type": [
              {
                "code": "Extension"
              }
            ],
            "isModifier": false
          }
        },
        {
          "path": "Schedule.modifierExtension",
          "definition": {
            "short": "Extensions that cannot be ignored",
            "formal": "May be used to represent additional information that is not part of the basic definition of the resource, and that modifies the understanding of the element that contains it. Usually modifier elements provide negation or qualification. In order to make the use of extensions safe and manageable, there is a strict governance applied to the definition and use of extensions. Though any implementer is allowed to define an extension, there is a set of requirements that SHALL be met as part of the definition of the extension. Applications processing a resource are required to check for modifier extensions.",
            "comments": "there can be no stigma associated with the use of extensions by any application, project, or standard - regardless of the institution or jurisdiction that uses or defines the extensions.  The use of extensions is what allows the FHIR specification to retain a core simplicity for everyone.",
            "synonym": [
              "extensions",
              "user content"
            ],
            "min": 0,
            "max": "*",
            "type": [
              {
                "code": "Extension"
              }
            ],
            "isModifier": false
          }
        },
        {
          "path": "Schedule.event",
          "definition": {
            "short": "When the event occurs",
            "formal": "Identifies specific time periods when the event should occur.",
            "min": 0,
            "max": "*",
            "type": [
              {
                "code": "Period"
              }
            ],
            "isModifier": false,
            "mapping": [
              {
                "identity": "rim",
                "map": "QLIST<TS> or PIVL.offset"
              }
            ]
          }
        },
        {
          "path": "Schedule.repeat",
          "definition": {
            "short": "Only if there is none or one event",
            "formal": "Identifies a repeating pattern to the intended time periods.",
            "comments": "If present, the Schedule.event indicates the time of the first occurrence.",
            "min": 0,
            "max": "1",
            "constraint": [
              {
                "key": "3",
                "name": "End condition",
                "severity": "error",
                "human": "At most, only one of count or end can be present",
                "xpath": "not(exists(f:count) and exists(f:end))"
              },
              {
                "key": "2",
                "name": "Repeat cycle",
                "severity": "error",
                "human": "Either frequency or when SHALL be present, but not both",
                "xpath": "exists(f:frequency) != exists(f:when)"
              }
            ],
            "isModifier": false,
            "mapping": [
              {
                "identity": "rim",
                "map": "Implies PIVL or EIVL"
              }
            ]
          }
        },
        {
          "path": "Schedule.repeat.extension",
          "definition": {
            "short": "Additional Content defined by implementations",
            "formal": "May be used to represent additional information that is not part of the basic definition of the resource. In order to make the use of extensions safe and manageable, there is a strict governance applied to the definition and use of extensions. Though any implementer is allowed to define an extension, there is a set of requirements that SHALL be met as part of the definition of the extension.",
            "comments": "there can be no stigma associated with the use of extensions by any application, project, or standard - regardless of the institution or jurisdiction that uses or defines the extensions.  The use of extensions is what allows the FHIR specification to retain a core simplicity for everyone.",
            "synonym": [
              "extensions",
              "user content"
            ],
            "min": 0,
            "max": "*",
            "type": [
              {
                "code": "Extension"
              }
            ],
            "isModifier": false
          }
        },
        {
          "path": "Schedule.repeat.modifierExtension",
          "definition": {
            "short": "Extensions that cannot be ignored",
            "formal": "May be used to represent additional information that is not part of the basic definition of the resource, and that modifies the understanding of the element that contains it. Usually modifier elements provide negation or qualification. In order to make the use of extensions safe and manageable, there is a strict governance applied to the definition and use of extensions. Though any implementer is allowed to define an extension, there is a set of requirements that SHALL be met as part of the definition of the extension. Applications processing a resource are required to check for modifier extensions.",
            "comments": "there can be no stigma associated with the use of extensions by any application, project, or standard - regardless of the institution or jurisdiction that uses or defines the extensions.  The use of extensions is what allows the FHIR specification to retain a core simplicity for everyone.",
            "synonym": [
              "extensions",
              "user content"
            ],
            "min": 0,
            "max": "*",
            "type": [
              {
                "code": "Extension"
              }
            ],
            "isModifier": false
          }
        },
        {
          "path": "Schedule.repeat.frequency",
          "definition": {
            "short": "Event occurs frequency times per duration",
            "formal": "Indicates how often the event should occur.",
            "min": 0,
            "max": "1",
            "type": [
              {
                "code": "integer"
              }
            ],
            "isModifier": false,
            "mapping": [
              {
                "identity": "rim",
                "map": "PIVL.phase"
              }
            ]
          }
        },
        {
          "path": "Schedule.repeat.when",
          "definition": {
            "short": "HS | WAKE | AC | ACM | ACD | ACV | PC | PCM | PCD | PCV - common life events",
            "formal": "Identifies the occurrence of daily life that determines timing.",
            "min": 0,
            "max": "1",
            "type": [
              {
                "code": "code"
              }
            ],
            "isModifier": false,
            "binding": {
              "name": "EventTiming",
              "isExtensible": false,
              "conformance": "required",
              "description": "Real world event that the schedule relates to",
              "referenceResource": {
                "reference": "http://hl7.org/fhir/vs/event-timing"
              }
            },
            "mapping": [
              {
                "identity": "rim",
                "map": "EIVL.event"
              }
            ]
          }
        },
        {
          "path": "Schedule.repeat.duration",
          "definition": {
            "short": "Repeating or event-related duration",
            "formal": "How long each repetition should last.",
            "min": 1,
            "max": "1",
            "type": [
              {
                "code": "decimal"
              }
            ],
            "constraint": [
              {
                "key": "4",
                "name": "Duration Positive",
                "severity": "error",
                "human": "duration SHALL be a positive value",
                "xpath": "@value > 0 or not(@value)"
              }
            ],
            "isModifier": false,
            "mapping": [
              {
                "identity": "rim",
                "map": "PIVL.phase / EIVL.offset"
              }
            ]
          }
        },
        {
          "path": "Schedule.repeat.units",
          "definition": {
            "short": "s | min | h | d | wk | mo | a - unit of time (UCUM)",
            "formal": "The units of time for the duration.",
            "min": 1,
            "max": "1",
            "type": [
              {
                "code": "code"
              }
            ],
            "isModifier": false,
            "binding": {
              "name": "UnitsOfTime",
              "isExtensible": false,
              "conformance": "required",
              "description": "A unit of time (units from UCUM)",
              "referenceResource": {
                "reference": "http://hl7.org/fhir/vs/units-of-time"
              }
            },
            "mapping": [
              {
                "identity": "rim",
                "map": "PIVL.phase.unit"
              }
            ]
          }
        },
        {
          "path": "Schedule.repeat.count",
          "definition": {
            "short": "Number of times to repeat",
            "formal": "A total count of the desired number of repetitions.",
            "comments": "An end need not be specified.",
            "min": 0,
            "max": "1",
            "type": [
              {
                "code": "integer"
              }
            ],
            "isModifier": false,
            "mapping": [
              {
                "identity": "rim",
                "map": "PIVL.count"
              }
            ]
          }
        },
        {
          "path": "Schedule.repeat.end",
          "definition": {
            "short": "When to stop repeats",
            "formal": "When to stop repeating the schedule.",
            "comments": "An end need not be specified.",
            "min": 0,
            "max": "1",
            "type": [
              {
                "code": "dateTime"
              }
            ],
            "isModifier": false,
            "mapping": [
              {
                "identity": "rim",
                "map": "N/A"
              }
            ]
          }
        }
      ]
    }
  ]
}