{
  "resourceType": "Profile",
  "text": {
    "status": "generated",
    "div": "<div><div>Type definition for Quantity from <a href=\"http://hl7.org/fhir/datatypes.html#Quantity\">FHIR Specification</a></div></div>"
  },
  "identifier": "http://hl7.org/fhir/profile/Basic Profile for Quantity",
  "name": "Basic Profile for Quantity",
  "publisher": "FHIR Specification",
  "description": "Basic Profile for Quantity for validation support",
  "status": "draft",
  "date": "2014-06-06",
  "mapping": [
    {
      "identity": "rim",
      "uri": "http://hl7.org/v3",
      "name": "RIM"
    },
    {
      "identity": "v2",
      "uri": "http://hl7.org/v2",
      "name": "HL7 v2"
    }
  ],
  "structure": [
    {
      "type": "Quantity",
      "element": [
        {
          "path": "Quantity",
          "definition": {
            "short": "A measured or measurable amount",
            "formal": "A measured amount (or an amount that can potentially be measured). Note that measured amounts include amounts that are not precisely quantified, including amounts involving arbitrary units and floating currencies.",
            "comments": "The context of use may frequently define what kind of quantity this is and therefore what kind of units can be used. The context of use may also restrict the values for the comparator.",
            "min": 1,
            "max": "1",
            "type": [
              {
                "code": "Type"
              }
            ],
            "constraint": [
              {
                "key": "3",
                "name": "SHALL have a system",
                "severity": "error",
                "human": "If a code for the units is present, the system SHALL also be present",
                "xpath": "not(exists(f:code)) or exists(f:system)"
              }
            ],
            "isModifier": false,
            "mapping": [
              {
                "identity": "rim",
                "map": "PQ, IVL<PQ>, MO, CO, depending on the values"
              },
              {
                "identity": "v2",
                "map": "SN (see also Range) or CQ"
              }
            ]
          }
        },
        {
          "path": "Quantity.extension",
          "definition": {
            "short": "Additional Content defined by implementations",
            "formal": "May be used to represent additional information that is not part of the basic definition of the resource. In order to make the use of extensions safe and manageable, there is a strict governance applied to the definition and use of extensions. Though any implementer is allowed to define an extension, there is a set of requirements that SHALL be met as part of the definition of the extension.",
            "comments": "there can be no stigma associated with the use of extensions by any application, project, or standard - regardless of the institution or jurisdiction that uses or defines the extensions.  The use of extensions is what allows the FHIR specification to retain a core simplicity for everyone.",
            "synonym": [
              "extensions",
              "user content"
            ],
            "min": 0,
            "max": "*",
            "type": [
              {
                "code": "Extension"
              }
            ],
            "isModifier": false
          }
        },
        {
          "path": "Quantity.modifierExtension",
          "definition": {
            "short": "Extensions that cannot be ignored",
            "formal": "May be used to represent additional information that is not part of the basic definition of the resource, and that modifies the understanding of the element that contains it. Usually modifier elements provide negation or qualification. In order to make the use of extensions safe and manageable, there is a strict governance applied to the definition and use of extensions. Though any implementer is allowed to define an extension, there is a set of requirements that SHALL be met as part of the definition of the extension. Applications processing a resource are required to check for modifier extensions.",
            "comments": "there can be no stigma associated with the use of extensions by any application, project, or standard - regardless of the institution or jurisdiction that uses or defines the extensions.  The use of extensions is what allows the FHIR specification to retain a core simplicity for everyone.",
            "synonym": [
              "extensions",
              "user content"
            ],
            "min": 0,
            "max": "*",
            "type": [
              {
                "code": "Extension"
              }
            ],
            "isModifier": false
          }
        },
        {
          "path": "Quantity.value",
          "definition": {
            "short": "Numerical value (with implicit precision)",
            "formal": "The value of the measured amount. The value includes an implicit precision in the presentation of the value.",
            "comments": "The implicit precision in the value should always be honored. Monetary values have their own rules for handling precision (refer to standard accounting text books).",
            "min": 0,
            "max": "1",
            "type": [
              {
                "code": "decimal"
              }
            ],
            "isModifier": false,
            "mapping": [
              {
                "identity": "rim",
                "map": "PQ.value, CO.value, MO.value, IVL.high or IVL.low depending on the value"
              },
              {
                "identity": "v2",
                "map": "SN.2  / CQ - N/A"
              }
            ]
          }
        },
        {
          "path": "Quantity.comparator",
          "definition": {
            "short": "< | <= | >= | > - how to understand the value",
            "formal": "How the value should be understood and represented - whether the actual value is greater or less than the stated value due to measurement issues. E.g. if the comparator is \"<\" , then the real value is < stated value.",
            "comments": "This is labeled as \"Is Modifier\" because the comparator modifies the interpretation of the value significantly. If there is no comparator, then there is no modification of the value.",
            "min": 0,
            "max": "1",
            "type": [
              {
                "code": "code"
              }
            ],
            "isModifier": true,
            "binding": {
              "name": "QuantityCompararator",
              "isExtensible": false,
              "conformance": "required",
              "description": "How the Quantity should be understood and represented",
              "referenceResource": {
                "reference": "http://hl7.org/fhir/vs/quantity-comparator"
              }
            },
            "mapping": [
              {
                "identity": "rim",
                "map": "IVL properties"
              },
              {
                "identity": "v2",
                "map": "SN.1  / CQ.1"
              }
            ]
          }
        },
        {
          "path": "Quantity.units",
          "definition": {
            "short": "Unit representation",
            "formal": "A human-readable form of the units.",
            "min": 0,
            "max": "1",
            "type": [
              {
                "code": "string"
              }
            ],
            "isModifier": false,
            "mapping": [
              {
                "identity": "rim",
                "map": "PQ.unit"
              },
              {
                "identity": "v2",
                "map": "(see OBX.6 etc) / CQ.2"
              }
            ]
          }
        },
        {
          "path": "Quantity.system",
          "definition": {
            "short": "System that defines coded unit form",
            "formal": "The identification of the system that provides the coded form of the unit.",
            "min": 0,
            "max": "1",
            "type": [
              {
                "code": "uri"
              }
            ],
            "isModifier": false,
            "mapping": [
              {
                "identity": "rim",
                "map": "CO.codeSystem, PQ.translation.codeSystem"
              },
              {
                "identity": "v2",
                "map": "(see OBX.6 etc) / CQ.2"
              }
            ]
          }
        },
        {
          "path": "Quantity.code",
          "definition": {
            "short": "Coded form of the unit",
            "formal": "A computer processable form of the units in some unit representation system.",
            "comments": "The preferred system is UCUM, but SNOMED CT can also be used (for customary units) or ISO 4217 for currency.\n\nThe context of use may additionally require a code from a particular system (Unless the Quantity element has a dataAbsentReason flag).",
            "min": 0,
            "max": "1",
            "type": [
              {
                "code": "code"
              }
            ],
            "isModifier": false,
            "mapping": [
              {
                "identity": "rim",
                "map": "PQ.code, MO.currency, PQ.translation.code"
              },
              {
                "identity": "v2",
                "map": "(see OBX.6 etc) / CQ.2"
              }
            ]
          }
        }
      ]
    }
  ]
}