{
  "resourceType": "ValueSet",
  "text": {
    "status": "generated",
    "div": "<div>\n      <p>The value set includes the v3 RoleCode PRN (parent), TWIN (twin) and all of their specializations.  It covers the relationships needed to establish genetic pedigree relationships between family members.</p>\n    </div>"
  },
  "identifier": "http://hl7.org/fhir/vs/parent-relationship-codes",
  "name": "Parent Relationship Codes",
  "publisher": "FHIR Project team",
  "telecom": [
    {
      "system": "url",
      "value": "http://hl7.org/fhir"
    }
  ],
  "description": "The value set includes the v3 RoleCode PRN (parent), TWIN (twin) and all of their specializations.  It covers the relationships needed to establish genetic pedigree relationships between family members.",
  "status": "draft",
  "compose": {
    "include": [
      {
        "system": "http://hl7.org/fhir/v3/RoleCode",
        "filter": [
          {
            "property": "concept",
            "op": "is-a",
            "value": "PRN"
          }
        ]
      },
      {
        "system": "http://hl7.org/fhir/v3/RoleCode",
        "filter": [
          {
            "property": "concept",
            "op": "is-a",
            "value": "TWIN"
          }
        ]
      }
    ]
  }
}